,Unnamed: 0,time,Day,Hour,Price,ERR,Date
1753,1753,2022-04-28 06:00:12.719599,Thursday,06:00,7.0,,2022-04-28
1754,1754,2022-04-28 06:00:37.812994,Thursday,06:00,7.0,,2022-04-28
1755,1755,2022-04-28 06:01:02.911607,Thursday,06:01,7.0,,2022-04-28
1756,1756,2022-04-28 06:01:28.020633,Thursday,06:01,7.0,,2022-04-28
1757,1757,2022-04-28 06:01:53.146828,Thursday,06:01,7.0,,2022-04-28
1758,1758,2022-04-28 06:02:18.244837,Thursday,06:02,7.0,,2022-04-28
1759,1759,2022-04-28 06:02:43.353862,Thursday,06:02,7.0,,2022-04-28
1760,1760,2022-04-28 06:03:08.436860,Thursday,06:03,7.0,,2022-04-28
1761,1761,2022-04-28 06:03:33.530287,Thursday,06:03,7.0,,2022-04-28
1762,1762,2022-04-28 06:03:58.670559,Thursday,06:03,7.0,,2022-04-28
1763,1763,2022-04-28 06:04:23.794418,Thursday,06:04,7.0,,2022-04-28
1764,1764,2022-04-28 06:04:48.965910,Thursday,06:04,7.0,,2022-04-28
1765,1765,2022-04-28 06:05:14.114047,Thursday,06:05,7.0,,2022-04-28
1766,1766,2022-04-28 06:05:39.238626,Thursday,06:05,7.0,,2022-04-28
1767,1767,2022-04-28 06:06:04.337055,Thursday,06:06,7.0,,2022-04-28
1768,1768,2022-04-28 06:06:29.461635,Thursday,06:06,7.0,,2022-04-28
1769,1769,2022-04-28 06:06:54.570590,Thursday,06:06,7.0,,2022-04-28
1770,1770,2022-04-28 06:07:19.667560,Thursday,06:07,7.0,,2022-04-28
1771,1771,2022-04-28 06:07:44.776519,Thursday,06:07,7.0,,2022-04-28
1772,1772,2022-04-28 06:08:09.901829,Thursday,06:08,7.0,,2022-04-28
1773,1773,2022-04-28 06:08:35.010785,Thursday,06:08,7.0,,2022-04-28
1774,1774,2022-04-28 06:09:00.119740,Thursday,06:09,7.0,,2022-04-28
1775,1775,2022-04-28 06:09:25.216214,Thursday,06:09,7.0,,2022-04-28
1776,1776,2022-04-28 06:09:50.403260,Thursday,06:09,7.0,,2022-04-28
1777,1777,2022-04-28 06:10:15.513135,Thursday,06:10,7.0,,2022-04-28
1778,1778,2022-04-28 06:10:40.622023,Thursday,06:10,7.0,,2022-04-28
1779,1779,2022-04-28 06:11:05.704282,Thursday,06:11,7.0,,2022-04-28
1780,1780,2022-04-28 06:11:30.813170,Thursday,06:11,7.0,,2022-04-28
1781,1781,2022-04-28 06:11:55.922058,Thursday,06:11,7.0,,2022-04-28
1782,1782,2022-04-28 06:12:21.044648,Thursday,06:12,7.0,,2022-04-28
1783,1783,2022-04-28 06:12:46.169164,Thursday,06:12,7.0,,2022-04-28
1784,1784,2022-04-28 06:13:11.282195,Thursday,06:13,7.0,,2022-04-28
1785,1785,2022-04-28 06:13:36.406706,Thursday,06:13,7.0,,2022-04-28
1786,1786,2022-04-28 06:14:01.546875,Thursday,06:14,7.0,,2022-04-28
1787,1787,2022-04-28 06:14:26.640137,Thursday,06:14,7.0,,2022-04-28
1788,1788,2022-04-28 06:14:51.827085,Thursday,06:14,7.0,,2022-04-28
1789,1789,2022-04-28 06:15:16.938817,Thursday,06:15,7.0,,2022-04-28
1790,1790,2022-04-28 06:15:42.049866,Thursday,06:15,7.0,,2022-04-28
1791,1791,2022-04-28 06:16:07.132287,Thursday,06:16,7.0,,2022-04-28
1792,1792,2022-04-28 06:16:32.241112,Thursday,06:16,7.0,,2022-04-28
1793,1793,2022-04-28 06:16:57.365560,Thursday,06:16,7.0,,2022-04-28
1794,1794,2022-04-28 06:17:22.473062,Thursday,06:17,7.0,,2022-04-28
1795,1795,2022-04-28 06:17:47.597511,Thursday,06:17,7.0,,2022-04-28
1796,1796,2022-04-28 06:18:12.707762,Thursday,06:18,7.0,,2022-04-28
1797,1797,2022-04-28 06:18:37.800964,Thursday,06:18,7.0,,2022-04-28
1798,1798,2022-04-28 06:19:02.937362,Thursday,06:19,7.0,,2022-04-28
1799,1799,2022-04-28 06:19:28.030560,Thursday,06:19,7.0,,2022-04-28
1800,1800,2022-04-28 06:19:53.217467,Thursday,06:19,7.0,,2022-04-28
1801,1801,2022-04-28 06:20:18.335964,Thursday,06:20,7.0,,2022-04-28
1802,1802,2022-04-28 06:20:43.444724,Thursday,06:20,7.0,,2022-04-28
1803,1803,2022-04-28 06:21:08.541805,Thursday,06:21,7.0,,2022-04-28
1804,1804,2022-04-28 06:21:33.650563,Thursday,06:21,7.0,,2022-04-28
1805,1805,2022-04-28 06:21:58.774948,Thursday,06:21,7.0,,2022-04-28
1806,1806,2022-04-28 06:22:23.873517,Thursday,06:22,7.0,,2022-04-28
1807,1807,2022-04-28 06:22:48.982276,Thursday,06:22,7.0,,2022-04-28
1808,1808,2022-04-28 06:23:14.074725,Thursday,06:23,7.0,,2022-04-28
1809,1809,2022-04-28 06:23:39.183487,Thursday,06:23,7.0,,2022-04-28
1810,1810,2022-04-28 06:24:04.279967,Thursday,06:24,7.0,,2022-04-28
1811,1811,2022-04-28 06:24:29.373102,Thursday,06:24,7.0,,2022-04-28
1812,1812,2022-04-28 06:24:54.544320,Thursday,06:24,7.0,,2022-04-28
1813,1813,2022-04-28 06:25:19.681818,Thursday,06:25,7.0,,2022-04-28
1814,1814,2022-04-28 06:25:44.806141,Thursday,06:25,7.0,,2022-04-28
1815,1815,2022-04-28 06:26:09.899398,Thursday,06:26,7.0,,2022-04-28
1816,1816,2022-04-28 06:26:35.025968,Thursday,06:26,7.0,,2022-04-28
1817,1817,2022-04-28 06:27:00.134668,Thursday,06:27,7.0,,2022-04-28
1818,1818,2022-04-28 06:27:25.246470,Thursday,06:27,7.0,,2022-04-28
1819,1819,2022-04-28 06:27:50.370796,Thursday,06:27,7.0,,2022-04-28
1820,1820,2022-04-28 06:28:15.476137,Thursday,06:28,7.0,,2022-04-28
1821,1821,2022-04-28 06:28:40.569213,Thursday,06:28,7.0,,2022-04-28
1822,1822,2022-04-28 06:29:05.698607,Thursday,06:29,7.0,,2022-04-28
1823,1823,2022-04-28 06:29:30.807307,Thursday,06:29,7.0,,2022-04-28
1824,1824,2022-04-28 06:29:55.978435,Thursday,06:29,7.0,,2022-04-28
1825,1825,2022-04-28 06:30:21.085502,Thursday,06:30,7.0,,2022-04-28
1826,1826,2022-04-28 06:30:46.178518,Thursday,06:30,7.0,,2022-04-28
1827,1827,2022-04-28 06:31:11.303222,Thursday,06:31,7.0,,2022-04-28
1828,1828,2022-04-28 06:31:36.427488,Thursday,06:31,7.0,,2022-04-28
1829,1829,2022-04-28 06:32:01.507470,Thursday,06:32,7.0,,2022-04-28
1830,1830,2022-04-28 06:32:26.600496,Thursday,06:32,7.0,,2022-04-28
1831,1831,2022-04-28 06:32:51.740386,Thursday,06:32,7.0,,2022-04-28
1832,1832,2022-04-28 06:33:16.853507,Thursday,06:33,7.0,,2022-04-28
1833,1833,2022-04-28 06:33:41.977775,Thursday,06:33,7.0,,2022-04-28
1834,1834,2022-04-28 06:34:07.084251,Thursday,06:34,7.0,,2022-04-28
1835,1835,2022-04-28 06:34:32.177262,Thursday,06:34,7.0,,2022-04-28
1836,1836,2022-04-28 06:34:57.317114,Thursday,06:34,7.0,,2022-04-28
1837,1837,2022-04-28 06:35:22.414902,Thursday,06:35,7.0,,2022-04-28
1838,1838,2022-04-28 06:35:47.523487,Thursday,06:35,7.0,,2022-04-28
1839,1839,2022-04-28 06:36:12.618717,Thursday,06:36,7.0,,2022-04-28
1840,1840,2022-04-28 06:36:37.727300,Thursday,06:36,7.0,,2022-04-28
1841,1841,2022-04-28 06:37:02.839608,Thursday,06:37,7.0,,2022-04-28
1842,1842,2022-04-28 06:37:27.932570,Thursday,06:37,7.0,,2022-04-28
1843,1843,2022-04-28 06:37:53.041158,Thursday,06:37,7.0,,2022-04-28
1844,1844,2022-04-28 06:38:18.148921,Thursday,06:38,7.0,,2022-04-28
1845,1845,2022-04-28 06:38:43.241886,Thursday,06:38,7.0,,2022-04-28
1846,1846,2022-04-28 06:39:08.372113,Thursday,06:39,7.0,,2022-04-28
1847,1847,2022-04-28 06:39:33.465045,Thursday,06:39,7.0,,2022-04-28
1848,1848,2022-04-28 06:39:58.651742,Thursday,06:39,7.0,,2022-04-28
1849,1849,2022-04-28 06:40:23.759056,Thursday,06:40,7.0,,2022-04-28
1850,1850,2022-04-28 06:40:48.867591,Thursday,06:40,7.0,,2022-04-28
1851,1851,2022-04-28 06:41:13.980902,Thursday,06:41,11.0,,2022-04-28
1852,1852,2022-04-28 06:41:39.089436,Thursday,06:41,7.0,,2022-04-28
1853,1853,2022-04-28 06:42:04.201169,Thursday,06:42,7.0,,2022-04-28
1854,1854,2022-04-28 06:42:29.294077,Thursday,06:42,7.0,,2022-04-28
1855,1855,2022-04-28 06:42:54.402612,Thursday,06:42,7.0,,2022-04-28
1856,1856,2022-04-28 06:43:19.483788,Thursday,06:43,7.0,,2022-04-28
1857,1857,2022-04-28 06:43:44.592324,Thursday,06:43,7.0,,2022-04-28
1858,1858,2022-04-28 06:44:09.700617,Thursday,06:44,7.0,,2022-04-28
1859,1859,2022-04-28 06:44:34.793529,Thursday,06:44,7.0,,2022-04-28
1860,1860,2022-04-28 06:44:59.964512,Thursday,06:44,7.0,,2022-04-28
1861,1861,2022-04-28 06:45:25.076696,Thursday,06:45,7.0,,2022-04-28
1862,1862,2022-04-28 06:45:50.185469,Thursday,06:45,7.0,,2022-04-28
1863,1863,2022-04-28 06:46:15.319349,Thursday,06:46,7.0,,2022-04-28
1864,1864,2022-04-28 06:46:40.459080,Thursday,06:46,7.0,,2022-04-28
1865,1865,2022-04-28 06:47:05.583272,Thursday,06:47,7.0,,2022-04-28
1866,1866,2022-04-28 06:47:30.691752,Thursday,06:47,7.0,,2022-04-28
1867,1867,2022-04-28 06:47:55.800234,Thursday,06:47,7.0,,2022-04-28
1868,1868,2022-04-28 06:48:20.909158,Thursday,06:48,7.0,,2022-04-28
1869,1869,2022-04-28 06:48:46.048889,Thursday,06:48,7.0,,2022-04-28
1870,1870,2022-04-28 06:49:11.176822,Thursday,06:49,10.0,,2022-04-28
1871,1871,2022-04-28 06:49:36.285303,Thursday,06:49,10.0,,2022-04-28
1872,1872,2022-04-28 06:50:01.455478,Thursday,06:50,10.0,,2022-04-28
1873,1873,2022-04-28 06:50:26.563908,Thursday,06:50,14.0,,2022-04-28
1874,1874,2022-04-28 06:50:51.687964,Thursday,06:50,14.0,,2022-04-28
1875,1875,2022-04-28 06:51:16.769769,Thursday,06:51,14.0,,2022-04-28
1876,1876,2022-04-28 06:51:41.893794,Thursday,06:51,14.0,,2022-04-28
1877,1877,2022-04-28 06:52:06.965734,Thursday,06:52,14.0,,2022-04-28
1878,1878,2022-04-28 06:52:32.074165,Thursday,06:52,14.0,,2022-04-28
1879,1879,2022-04-28 06:52:57.182597,Thursday,06:52,14.0,,2022-04-28
1880,1880,2022-04-28 06:53:22.277457,Thursday,06:53,15.0,,2022-04-28
1881,1881,2022-04-28 06:53:47.401512,Thursday,06:53,15.0,,2022-04-28
1882,1882,2022-04-28 06:54:12.498519,Thursday,06:54,11.0,,2022-04-28
1883,1883,2022-04-28 06:54:37.591324,Thursday,06:54,11.0,,2022-04-28
1884,1884,2022-04-28 06:55:02.761340,Thursday,06:55,11.0,,2022-04-28
1885,1885,2022-04-28 06:55:27.869724,Thursday,06:55,7.0,,2022-04-28
1886,1886,2022-04-28 06:55:52.978109,Thursday,06:55,7.0,,2022-04-28
1887,1887,2022-04-28 06:56:18.097377,Thursday,06:56,7.0,,2022-04-28
1888,1888,2022-04-28 06:56:43.193575,Thursday,06:56,7.0,,2022-04-28
1889,1889,2022-04-28 06:57:08.310122,Thursday,06:57,7.0,,2022-04-28
1890,1890,2022-04-28 06:57:33.401837,Thursday,06:57,10.0,,2022-04-28
1891,1891,2022-04-28 06:57:58.510221,Thursday,06:57,10.0,,2022-04-28
1892,1892,2022-04-28 06:58:23.592409,Thursday,06:58,10.0,,2022-04-28
1893,1893,2022-04-28 06:58:48.685170,Thursday,06:58,10.0,,2022-04-28
1894,1894,2022-04-28 06:59:13.814235,Thursday,06:59,10.0,,2022-04-28
1895,1895,2022-04-28 06:59:38.922615,Thursday,06:59,10.0,,2022-04-28
1896,1896,2022-04-28 07:00:04.097228,Thursday,07:00,10.0,,2022-04-28
1897,1897,2022-04-28 07:00:29.202624,Thursday,07:00,8.0,,2022-04-28
1898,1898,2022-04-28 07:00:54.310962,Thursday,07:00,8.0,,2022-04-28
1899,1899,2022-04-28 07:01:19.394459,Thursday,07:01,7.0,,2022-04-28
1900,1900,2022-04-28 07:01:44.502797,Thursday,07:01,7.0,,2022-04-28
1901,1901,2022-04-28 07:02:09.602925,Thursday,07:02,7.0,,2022-04-28
1902,1902,2022-04-28 07:02:34.742511,Thursday,07:02,7.0,,2022-04-28
1903,1903,2022-04-28 07:02:59.882099,Thursday,07:02,7.0,,2022-04-28
1904,1904,2022-04-28 07:03:25.006632,Thursday,07:03,8.0,,2022-04-28
1905,1905,2022-04-28 07:03:50.114971,Thursday,07:03,8.0,,2022-04-28
1906,1906,2022-04-28 07:04:15.222567,Thursday,07:04,8.0,,2022-04-28
1907,1907,2022-04-28 07:04:40.330900,Thursday,07:04,8.0,,2022-04-28
1908,1908,2022-04-28 07:05:05.475491,Thursday,07:05,8.0,,2022-04-28
1909,1909,2022-04-28 07:05:30.599409,Thursday,07:05,7.0,,2022-04-28
1910,1910,2022-04-28 07:05:55.692078,Thursday,07:05,7.0,,2022-04-28
1911,1911,2022-04-28 07:06:20.815871,Thursday,07:06,7.0,,2022-04-28
1912,1912,2022-04-28 07:06:45.955414,Thursday,07:06,7.0,,2022-04-28
1913,1913,2022-04-28 07:07:11.067506,Thursday,07:07,7.0,,2022-04-28
1914,1914,2022-04-28 07:07:36.191423,Thursday,07:07,7.0,,2022-04-28
1915,1915,2022-04-28 07:08:01.288368,Thursday,07:08,7.0,,2022-04-28
1916,1916,2022-04-28 07:08:26.396659,Thursday,07:08,7.0,,2022-04-28
1917,1917,2022-04-28 07:08:51.520548,Thursday,07:08,7.0,,2022-04-28
1918,1918,2022-04-28 07:09:16.600608,Thursday,07:09,7.0,,2022-04-28
1919,1919,2022-04-28 07:09:41.708895,Thursday,07:09,7.0,,2022-04-28
1920,1920,2022-04-28 07:10:06.876250,Thursday,07:10,7.0,,2022-04-28
1921,1921,2022-04-28 07:10:31.984500,Thursday,07:10,7.0,,2022-04-28
1922,1922,2022-04-28 07:10:57.123999,Thursday,07:10,7.0,,2022-04-28
1923,1923,2022-04-28 07:11:22.205371,Thursday,07:11,7.0,,2022-04-28
1924,1924,2022-04-28 07:11:47.313622,Thursday,07:11,7.0,,2022-04-28
1925,1925,2022-04-28 07:12:12.395514,Thursday,07:12,7.0,,2022-04-28
1926,1926,2022-04-28 07:12:37.488140,Thursday,07:12,7.0,,2022-04-28
1927,1927,2022-04-28 07:13:02.614824,Thursday,07:13,7.0,,2022-04-28
1928,1928,2022-04-28 07:13:27.707448,Thursday,07:13,7.0,,2022-04-28
1929,1929,2022-04-28 07:13:52.831323,Thursday,07:13,7.0,,2022-04-28
1930,1930,2022-04-28 07:14:17.940100,Thursday,07:14,7.0,,2022-04-28
1931,1931,2022-04-28 07:14:43.048342,Thursday,07:14,7.0,,2022-04-28
1932,1932,2022-04-28 07:15:08.242759,Thursday,07:15,7.0,,2022-04-28
1933,1933,2022-04-28 07:15:33.350967,Thursday,07:15,7.0,,2022-04-28
1934,1934,2022-04-28 07:15:58.459147,Thursday,07:15,7.0,,2022-04-28
1935,1935,2022-04-28 07:16:23.568503,Thursday,07:16,7.0,,2022-04-28
1936,1936,2022-04-28 07:16:48.677357,Thursday,07:16,7.0,,2022-04-28
1937,1937,2022-04-28 07:17:13.756855,Thursday,07:17,7.0,,2022-04-28
1938,1938,2022-04-28 07:17:38.849469,Thursday,07:17,7.0,,2022-04-28
1939,1939,2022-04-28 07:18:03.963940,Thursday,07:18,7.0,,2022-04-28
1940,1940,2022-04-28 07:18:29.087771,Thursday,07:18,7.0,,2022-04-28
1941,1941,2022-04-28 07:18:54.180356,Thursday,07:18,7.0,,2022-04-28
1942,1942,2022-04-28 07:19:19.306651,Thursday,07:19,11.0,,2022-04-28
1943,1943,2022-04-28 07:19:44.414849,Thursday,07:19,11.0,,2022-04-28
1944,1944,2022-04-28 07:20:09.581163,Thursday,07:20,11.0,,2022-04-28
1945,1945,2022-04-28 07:20:34.704957,Thursday,07:20,15.0,,2022-04-28
1946,1946,2022-04-28 07:20:59.797501,Thursday,07:20,15.0,,2022-04-28
1947,1947,2022-04-28 07:21:24.894546,Thursday,07:21,19.0,,2022-04-28
1948,1948,2022-04-28 07:21:50.033966,Thursday,07:21,19.0,,2022-04-28
1949,1949,2022-04-28 07:22:15.157808,Thursday,07:22,23.0,,2022-04-28
1950,1950,2022-04-28 07:22:40.281602,Thursday,07:22,23.0,,2022-04-28
1951,1951,2022-04-28 07:23:05.377537,Thursday,07:23,23.0,,2022-04-28
1952,1952,2022-04-28 07:23:30.501332,Thursday,07:23,25.0,,2022-04-28
1953,1953,2022-04-28 07:23:55.609501,Thursday,07:23,25.0,,2022-04-28
1954,1954,2022-04-28 07:24:20.707108,Thursday,07:24,22.0,,2022-04-28
1955,1955,2022-04-28 07:24:45.830889,Thursday,07:24,22.0,,2022-04-28
1956,1956,2022-04-28 07:25:10.990042,Thursday,07:25,22.0,,2022-04-28
1957,1957,2022-04-28 07:25:36.113798,Thursday,07:25,22.0,,2022-04-28
1958,1958,2022-04-28 07:26:01.237366,Thursday,07:26,22.0,,2022-04-28
1959,1959,2022-04-28 07:26:26.321861,Thursday,07:26,26.0,,2022-04-28
1960,1960,2022-04-28 07:26:51.420106,Thursday,07:26,26.0,,2022-04-28
1961,1961,2022-04-28 07:27:16.531478,Thursday,07:27,30.0,,2022-04-28
1962,1962,2022-04-28 07:27:41.639606,Thursday,07:27,30.0,,2022-04-28
1963,1963,2022-04-28 07:28:06.779305,Thursday,07:28,30.0,,2022-04-28
1964,1964,2022-04-28 07:28:31.903057,Thursday,07:28,30.0,,2022-04-28
1965,1965,2022-04-28 07:28:57.011188,Thursday,07:28,30.0,,2022-04-28
1966,1966,2022-04-28 07:29:22.153810,Thursday,07:29,30.0,,2022-04-28
1967,1967,2022-04-28 07:29:47.246302,Thursday,07:29,30.0,,2022-04-28
1968,1968,2022-04-28 07:30:12.431185,Thursday,07:30,30.0,,2022-04-28
1969,1969,2022-04-28 07:30:37.554895,Thursday,07:30,30.0,,2022-04-28
1970,1970,2022-04-28 07:31:02.667635,Thursday,07:31,30.0,,2022-04-28
1971,1971,2022-04-28 07:31:27.760112,Thursday,07:31,30.0,,2022-04-28
1972,1972,2022-04-28 07:31:52.885080,Thursday,07:31,30.0,,2022-04-28
1973,1973,2022-04-28 07:32:17.994930,Thursday,07:32,34.0,,2022-04-28
1974,1974,2022-04-28 07:32:43.087398,Thursday,07:32,34.0,,2022-04-28
1975,1975,2022-04-28 07:33:08.230598,Thursday,07:33,34.0,,2022-04-28
1976,1976,2022-04-28 07:33:33.338689,Thursday,07:33,36.0,,2022-04-28
1977,1977,2022-04-28 07:33:58.431158,Thursday,07:33,36.0,,2022-04-28
1978,1978,2022-04-28 07:34:23.526088,Thursday,07:34,32.0,,2022-04-28
1979,1979,2022-04-28 07:34:48.618539,Thursday,07:34,32.0,,2022-04-28
1980,1980,2022-04-28 07:35:13.777336,Thursday,07:35,32.0,,2022-04-28
1981,1981,2022-04-28 07:35:38.916643,Thursday,07:35,32.0,,2022-04-28
1982,1982,2022-04-28 07:36:04.023755,Thursday,07:36,32.0,,2022-04-28
1983,1983,2022-04-28 07:36:29.131814,Thursday,07:36,34.0,,2022-04-28
1984,1984,2022-04-28 07:36:54.239871,Thursday,07:36,34.0,,2022-04-28
1985,1985,2022-04-28 07:37:19.352248,Thursday,07:37,38.0,,2022-04-28
1986,1986,2022-04-28 07:37:44.460305,Thursday,07:37,38.0,,2022-04-28
1987,1987,2022-04-28 07:38:09.586966,Thursday,07:38,38.0,,2022-04-28
1988,1988,2022-04-28 07:38:34.695051,Thursday,07:38,38.0,,2022-04-28
1989,1989,2022-04-28 07:38:59.865606,Thursday,07:38,38.0,,2022-04-28
1990,1990,2022-04-28 07:39:24.963429,Thursday,07:39,38.0,,2022-04-28
1991,1991,2022-04-28 07:39:50.071471,Thursday,07:39,38.0,,2022-04-28
1992,1992,2022-04-28 07:40:15.162543,Thursday,07:40,38.0,,2022-04-28
1993,1993,2022-04-28 07:40:40.270569,Thursday,07:40,38.0,,2022-04-28
1994,1994,2022-04-28 07:41:05.410810,Thursday,07:41,38.0,,2022-04-28
1995,1995,2022-04-28 07:41:30.503213,Thursday,07:41,39.0,,2022-04-28
1996,1996,2022-04-28 07:41:55.642483,Thursday,07:41,39.0,,2022-04-28
1997,1997,2022-04-28 07:42:20.758674,Thursday,07:42,35.0,,2022-04-28
1998,1998,2022-04-28 07:42:45.882322,Thursday,07:42,35.0,,2022-04-28
1999,1999,2022-04-28 07:43:10.990090,Thursday,07:43,35.0,,2022-04-28
2000,2000,2022-04-28 07:43:36.098086,Thursday,07:43,35.0,,2022-04-28
2001,2001,2022-04-28 07:44:01.255232,Thursday,07:44,35.0,,2022-04-28
2002,2002,2022-04-28 07:44:26.363254,Thursday,07:44,35.0,,2022-04-28
2003,2003,2022-04-28 07:44:51.471259,Thursday,07:44,35.0,,2022-04-28
2004,2004,2022-04-28 07:45:16.592626,Thursday,07:45,35.0,,2022-04-28
2005,2005,2022-04-28 07:45:41.700613,Thursday,07:45,35.0,,2022-04-28
2006,2006,2022-04-28 07:46:06.812199,Thursday,07:46,35.0,,2022-04-28
2007,2007,2022-04-28 07:46:31.904564,Thursday,07:46,35.0,,2022-04-28
2008,2008,2022-04-28 07:46:57.012554,Thursday,07:46,35.0,,2022-04-28
2009,2009,2022-04-28 07:47:22.093823,Thursday,07:47,31.0,,2022-04-28
2010,2010,2022-04-28 07:47:47.201814,Thursday,07:47,31.0,,2022-04-28
2011,2011,2022-04-28 07:48:12.298863,Thursday,07:48,31.0,,2022-04-28
2012,2012,2022-04-28 07:48:37.391231,Thursday,07:48,31.0,,2022-04-28
2013,2013,2022-04-28 07:49:02.532568,Thursday,07:49,31.0,,2022-04-28
2014,2014,2022-04-28 07:49:27.656184,Thursday,07:49,27.0,,2022-04-28
2015,2015,2022-04-28 07:49:52.779777,Thursday,07:49,27.0,,2022-04-28
2016,2016,2022-04-28 07:50:17.860619,Thursday,07:50,27.0,,2022-04-28
2017,2017,2022-04-28 07:50:42.968581,Thursday,07:50,27.0,,2022-04-28
2018,2018,2022-04-28 07:51:08.076772,Thursday,07:51,27.0,,2022-04-28
2019,2019,2022-04-28 07:51:33.200355,Thursday,07:51,27.0,,2022-04-28
2020,2020,2022-04-28 07:51:58.308316,Thursday,07:51,27.0,,2022-04-28
2021,2021,2022-04-28 07:52:23.404168,Thursday,07:52,27.0,,2022-04-28
2022,2022,2022-04-28 07:52:48.496501,Thursday,07:52,27.0,,2022-04-28
2023,2023,2022-04-28 07:53:13.595543,Thursday,07:53,27.0,,2022-04-28
2024,2024,2022-04-28 07:53:38.719127,Thursday,07:53,25.0,,2022-04-28
2025,2025,2022-04-28 07:54:03.885472,Thursday,07:54,25.0,,2022-04-28
2026,2026,2022-04-28 07:54:28.993433,Thursday,07:54,25.0,,2022-04-28
2027,2027,2022-04-28 07:54:54.101372,Thursday,07:54,25.0,,2022-04-28
2028,2028,2022-04-28 07:55:19.199521,Thursday,07:55,28.0,,2022-04-28
2029,2029,2022-04-28 07:55:44.307451,Thursday,07:55,28.0,,2022-04-28
2030,2030,2022-04-28 07:56:09.423501,Thursday,07:56,28.0,,2022-04-28
2031,2031,2022-04-28 07:56:34.547648,Thursday,07:56,28.0,,2022-04-28
2032,2032,2022-04-28 07:56:59.655577,Thursday,07:56,28.0,,2022-04-28
2033,2033,2022-04-28 07:57:24.736317,Thursday,07:57,26.0,,2022-04-28
2034,2034,2022-04-28 07:57:49.875493,Thursday,07:57,26.0,,2022-04-28
2035,2035,2022-04-28 07:58:14.980839,Thursday,07:58,26.0,,2022-04-28
2036,2036,2022-04-28 07:58:40.104390,Thursday,07:58,26.0,,2022-04-28
2037,2037,2022-04-28 07:59:05.280775,Thursday,07:59,26.0,,2022-04-28
2038,2038,2022-04-28 07:59:30.419955,Thursday,07:59,24.0,,2022-04-28
2039,2039,2022-04-28 07:59:55.543485,Thursday,07:59,24.0,,2022-04-28
2040,2040,2022-04-28 08:00:20.641308,Thursday,08:00,20.0,,2022-04-28
2041,2041,2022-04-28 08:00:45.749207,Thursday,08:00,20.0,,2022-04-28
2042,2042,2022-04-28 08:01:10.861426,Thursday,08:01,20.0,,2022-04-28
2043,2043,2022-04-28 08:01:35.953702,Thursday,08:01,18.0,,2022-04-28
2044,2044,2022-04-28 08:02:01.076802,Thursday,08:02,18.0,,2022-04-28
2045,2045,2022-04-28 08:02:26.184704,Thursday,08:02,16.0,,2022-04-28
2046,2046,2022-04-28 08:02:51.276979,Thursday,08:02,16.0,,2022-04-28
2047,2047,2022-04-28 08:03:16.407918,Thursday,08:03,16.0,,2022-04-28
2048,2048,2022-04-28 08:03:41.515817,Thursday,08:03,16.0,,2022-04-28
2049,2049,2022-04-28 08:04:06.687246,Thursday,08:04,16.0,,2022-04-28
2050,2050,2022-04-28 08:04:31.826394,Thursday,08:04,18.0,,2022-04-28
2051,2051,2022-04-28 08:04:56.949894,Thursday,08:04,18.0,,2022-04-28
2052,2052,2022-04-28 08:05:22.046116,Thursday,08:05,20.0,,2022-04-28
2053,2053,2022-04-28 08:05:47.185232,Thursday,08:05,20.0,,2022-04-28
2054,2054,2022-04-28 08:06:12.296012,Thursday,08:06,24.0,,2022-04-28
2055,2055,2022-04-28 08:06:37.388253,Thursday,08:06,24.0,,2022-04-28
2056,2056,2022-04-28 08:07:02.485707,Thursday,08:07,24.0,,2022-04-28
2057,2057,2022-04-28 08:07:27.577951,Thursday,08:07,24.0,,2022-04-28
2058,2058,2022-04-28 08:07:52.670197,Thursday,08:07,24.0,,2022-04-28
2059,2059,2022-04-28 08:08:17.801810,Thursday,08:08,24.0,,2022-04-28
2060,2060,2022-04-28 08:08:42.909671,Thursday,08:08,24.0,,2022-04-28
2061,2061,2022-04-28 08:09:08.079046,Thursday,08:09,24.0,,2022-04-28
2062,2062,2022-04-28 08:09:33.202539,Thursday,08:09,24.0,,2022-04-28
2063,2063,2022-04-28 08:09:58.326013,Thursday,08:09,24.0,,2022-04-28
2064,2064,2022-04-28 08:10:23.404340,Thursday,08:10,26.0,,2022-04-28
2065,2065,2022-04-28 08:10:48.527804,Thursday,08:10,26.0,,2022-04-28
2066,2066,2022-04-28 08:11:13.663240,Thursday,08:11,28.0,,2022-04-28
2067,2067,2022-04-28 08:11:38.755457,Thursday,08:11,28.0,,2022-04-28
2068,2068,2022-04-28 08:12:03.856751,Thursday,08:12,28.0,,2022-04-28
2069,2069,2022-04-28 08:12:28.964593,Thursday,08:12,31.0,,2022-04-28
2070,2070,2022-04-28 08:12:54.056810,Thursday,08:12,31.0,,2022-04-28
2071,2071,2022-04-28 08:13:19.190836,Thursday,08:13,35.0,,2022-04-28
2072,2072,2022-04-28 08:13:44.314277,Thursday,08:13,35.0,,2022-04-28
2073,2073,2022-04-28 08:14:09.474533,Thursday,08:14,35.0,,2022-04-28
2074,2074,2022-04-28 08:14:34.582375,Thursday,08:14,39.0,,2022-04-28
2075,2075,2022-04-28 08:14:59.705817,Thursday,08:14,39.0,,2022-04-28
2076,2076,2022-04-28 08:15:24.803386,Thursday,08:15,41.0,,2022-04-28
2077,2077,2022-04-28 08:15:49.926821,Thursday,08:15,41.0,,2022-04-28
2078,2078,2022-04-28 08:16:15.010273,Thursday,08:16,41.0,,2022-04-28
2079,2079,2022-04-28 08:16:40.118089,Thursday,08:16,37.0,,2022-04-28
2080,2080,2022-04-28 08:17:05.234336,Thursday,08:17,37.0,,2022-04-28
2081,2081,2022-04-28 08:17:30.326558,Thursday,08:17,37.0,,2022-04-28
2082,2082,2022-04-28 08:17:55.450000,Thursday,08:17,37.0,,2022-04-28
2083,2083,2022-04-28 08:18:20.545136,Thursday,08:18,41.0,,2022-04-28
2084,2084,2022-04-28 08:18:45.637330,Thursday,08:18,41.0,,2022-04-28
2085,2085,2022-04-28 08:19:10.818851,Thursday,08:19,41.0,,2022-04-28
2086,2086,2022-04-28 08:19:35.957919,Thursday,08:19,45.0,,2022-04-28
2087,2087,2022-04-28 08:20:01.071622,Thursday,08:20,45.0,,2022-04-28
2088,2088,2022-04-28 08:20:26.163789,Thursday,08:20,49.0,,2022-04-28
2089,2089,2022-04-28 08:20:51.271579,Thursday,08:20,49.0,,2022-04-28
2090,2090,2022-04-28 08:21:16.366455,Thursday,08:21,50.0,,2022-04-28
2091,2091,2022-04-28 08:21:41.458623,Thursday,08:21,50.0,,2022-04-28
2092,2092,2022-04-28 08:22:06.570601,Thursday,08:22,50.0,,2022-04-28
2093,2093,2022-04-28 08:22:31.678393,Thursday,08:22,50.0,,2022-04-28
2094,2094,2022-04-28 08:22:56.770559,Thursday,08:22,50.0,,2022-04-28
2095,2095,2022-04-28 08:23:21.865967,Thursday,08:23,54.0,,2022-04-28
2096,2096,2022-04-28 08:23:46.973757,Thursday,08:23,54.0,,2022-04-28
2097,2097,2022-04-28 08:24:12.143832,Thursday,08:24,54.0,,2022-04-28
2098,2098,2022-04-28 08:24:37.283004,Thursday,08:24,58.0,,2022-04-28
2099,2099,2022-04-28 08:25:02.379945,Thursday,08:25,58.0,,2022-04-28
2100,2100,2022-04-28 08:25:27.487714,Thursday,08:25,62.0,,2022-04-28
2101,2101,2022-04-28 08:25:52.626725,Thursday,08:25,62.0,,2022-04-28
2102,2102,2022-04-28 08:26:17.745900,Thursday,08:26,66.0,,2022-04-28
2103,2103,2022-04-28 08:26:42.853666,Thursday,08:26,66.0,,2022-04-28
2104,2104,2022-04-28 08:27:07.966626,Thursday,08:27,66.0,,2022-04-28
2105,2105,2022-04-28 08:27:33.058767,Thursday,08:27,70.0,,2022-04-28
2106,2106,2022-04-28 08:27:58.182154,Thursday,08:27,70.0,,2022-04-28
2107,2107,2022-04-28 08:28:23.277394,Thursday,08:28,74.0,,2022-04-28
2108,2108,2022-04-28 08:28:48.385158,Thursday,08:28,74.0,,2022-04-28
2109,2109,2022-04-28 08:29:13.548513,Thursday,08:29,78.0,,2022-04-28
2110,2110,2022-04-28 08:29:38.687526,Thursday,08:29,78.0,,2022-04-28
2111,2111,2022-04-28 08:30:03.801405,Thursday,08:30,78.0,,2022-04-28
2112,2112,2022-04-28 08:30:28.924773,Thursday,08:30,82.0,,2022-04-28
2113,2113,2022-04-28 08:30:54.048141,Thursday,08:30,82.0,,2022-04-28
2114,2114,2022-04-28 08:31:19.172370,Thursday,08:31,84.0,,2022-04-28
2115,2115,2022-04-28 08:31:44.280114,Thursday,08:31,84.0,,2022-04-28
2116,2116,2022-04-28 08:32:09.376851,Thursday,08:32,84.0,,2022-04-28
2117,2117,2022-04-28 08:32:34.468966,Thursday,08:32,88.0,,2022-04-28
2118,2118,2022-04-28 08:32:59.576709,Thursday,08:32,88.0,,2022-04-28
2119,2119,2022-04-28 08:33:24.693151,Thursday,08:33,92.0,,2022-04-28
2120,2120,2022-04-28 08:33:49.785272,Thursday,08:33,92.0,,2022-04-28
2121,2121,2022-04-28 08:34:14.965647,Thursday,08:34,110.0,,2022-04-28
2122,2122,2022-04-28 08:34:40.089008,Thursday,08:34,110.0,,2022-04-28
2123,2123,2022-04-28 08:35:05.168754,Thursday,08:35,110.0,,2022-04-28
2124,2124,2022-04-28 08:35:30.276474,Thursday,08:35,110.0,,2022-04-28
2125,2125,2022-04-28 08:35:55.399820,Thursday,08:35,110.0,,2022-04-28
2126,2126,2022-04-28 08:36:20.502680,Thursday,08:36,110.0,,2022-04-28
2127,2127,2022-04-28 08:36:45.626025,Thursday,08:36,110.0,,2022-04-28
2128,2128,2022-04-28 08:37:10.726039,Thursday,08:37,110.0,,2022-04-28
2129,2129,2022-04-28 08:37:35.849388,Thursday,08:37,110.0,,2022-04-28
2130,2130,2022-04-28 08:38:00.944147,Thursday,08:38,110.0,,2022-04-28
2131,2131,2022-04-28 08:38:26.093230,Thursday,08:38,110.0,,2022-04-28
2132,2132,2022-04-28 08:38:51.216575,Thursday,08:38,110.0,,2022-04-28
2133,2133,2022-04-28 08:39:16.374109,Thursday,08:39,110.0,,2022-04-28
2134,2134,2022-04-28 08:39:41.481825,Thursday,08:39,110.0,,2022-04-28
2135,2135,2022-04-28 08:40:06.595349,Thursday,08:40,110.0,,2022-04-28
2136,2136,2022-04-28 08:40:31.718673,Thursday,08:40,110.0,,2022-04-28
2137,2137,2022-04-28 08:40:56.826371,Thursday,08:40,110.0,,2022-04-28
2138,2138,2022-04-28 08:41:21.921500,Thursday,08:41,110.0,,2022-04-28
2139,2139,2022-04-28 08:41:47.014596,Thursday,08:41,110.0,,2022-04-28
2140,2140,2022-04-28 08:42:12.114682,Thursday,08:42,110.0,,2022-04-28
2141,2141,2022-04-28 08:42:37.238010,Thursday,08:42,110.0,,2022-04-28
2142,2142,2022-04-28 08:43:02.335368,Thursday,08:43,110.0,,2022-04-28
2143,2143,2022-04-28 08:43:27.443070,Thursday,08:43,110.0,,2022-04-28
2144,2144,2022-04-28 08:43:52.535146,Thursday,08:43,110.0,,2022-04-28
2145,2145,2022-04-28 08:44:17.730028,Thursday,08:44,110.0,,2022-04-28
2146,2146,2022-04-28 08:44:42.853346,Thursday,08:44,110.0,,2022-04-28
2147,2147,2022-04-28 08:45:07.975869,Thursday,08:45,110.0,,2022-04-28
2148,2148,2022-04-28 08:45:33.083544,Thursday,08:45,110.0,,2022-04-28
2149,2149,2022-04-28 08:45:58.191220,Thursday,08:45,110.0,,2022-04-28
2150,2150,2022-04-28 08:46:23.300577,Thursday,08:46,110.0,,2022-04-28
2151,2151,2022-04-28 08:46:48.423875,Thursday,08:46,110.0,,2022-04-28
2152,2152,2022-04-28 08:47:13.502155,Thursday,08:47,110.0,,2022-04-28
2153,2153,2022-04-28 08:47:38.594207,Thursday,08:47,110.0,,2022-04-28
2154,2154,2022-04-28 08:48:03.706558,Thursday,08:48,110.0,,2022-04-28
2155,2155,2022-04-28 08:48:28.814235,Thursday,08:48,110.0,,2022-04-28
2156,2156,2022-04-28 08:48:53.937535,Thursday,08:48,110.0,,2022-04-28
2157,2157,2022-04-28 08:49:19.128131,Thursday,08:49,110.0,,2022-04-28
2158,2158,2022-04-28 08:49:44.267049,Thursday,08:49,110.0,,2022-04-28
2159,2159,2022-04-28 08:50:09.378235,Thursday,08:50,110.0,,2022-04-28
2160,2160,2022-04-28 08:50:34.470266,Thursday,08:50,110.0,,2022-04-28
2161,2161,2022-04-28 08:50:59.577923,Thursday,08:50,110.0,,2022-04-28
2162,2162,2022-04-28 08:51:24.684240,Thursday,08:51,110.0,,2022-04-28
2163,2163,2022-04-28 08:51:49.776269,Thursday,08:51,110.0,,2022-04-28
2164,2164,2022-04-28 08:52:14.909290,Thursday,08:52,110.0,,2022-04-28
2165,2165,2022-04-28 08:52:40.032571,Thursday,08:52,110.0,,2022-04-28
2166,2166,2022-04-28 08:53:05.131408,Thursday,08:53,110.0,,2022-04-28
2167,2167,2022-04-28 08:53:30.270310,Thursday,08:53,110.0,,2022-04-28
2168,2168,2022-04-28 08:53:55.362343,Thursday,08:53,110.0,,2022-04-28
2169,2169,2022-04-28 08:54:20.531245,Thursday,08:54,110.0,,2022-04-28
2170,2170,2022-04-28 08:54:45.670169,Thursday,08:54,110.0,,2022-04-28
2171,2171,2022-04-28 08:55:10.781519,Thursday,08:55,110.0,,2022-04-28
2172,2172,2022-04-28 08:55:35.904782,Thursday,08:55,110.0,,2022-04-28
2173,2173,2022-04-28 08:56:01.001680,Thursday,08:56,110.0,,2022-04-28
2174,2174,2022-04-28 08:56:26.093282,Thursday,08:56,110.0,,2022-04-28
2175,2175,2022-04-28 08:56:51.185321,Thursday,08:56,110.0,,2022-04-28
2176,2176,2022-04-28 08:57:16.311717,Thursday,08:57,110.0,,2022-04-28
2177,2177,2022-04-28 08:57:41.403754,Thursday,08:57,110.0,,2022-04-28
2178,2178,2022-04-28 08:58:06.520938,Thursday,08:58,110.0,,2022-04-28
2179,2179,2022-04-28 08:58:31.659821,Thursday,08:58,110.0,,2022-04-28
2180,2180,2022-04-28 08:58:56.783081,Thursday,08:58,110.0,,2022-04-28
2181,2181,2022-04-28 08:59:21.956705,Thursday,08:59,110.0,,2022-04-28
2182,2182,2022-04-28 08:59:47.064332,Thursday,08:59,110.0,,2022-04-28
2183,2183,2022-04-28 09:00:12.146520,Thursday,09:00,110.0,,2022-04-28
2184,2184,2022-04-28 09:00:37.254137,Thursday,09:00,110.0,,2022-04-28
2185,2185,2022-04-28 09:01:02.409887,Thursday,09:01,110.0,,2022-04-28
2186,2186,2022-04-28 09:01:27.533128,Thursday,09:01,110.0,,2022-04-28
2187,2187,2022-04-28 09:01:52.640746,Thursday,09:01,110.0,,2022-04-28
2188,2188,2022-04-28 09:02:17.787575,Thursday,09:02,110.0,,2022-04-28
2189,2189,2022-04-28 09:02:42.910816,Thursday,09:02,110.0,,2022-04-28
2190,2190,2022-04-28 09:03:08.006267,Thursday,09:03,110.0,,2022-04-28
2191,2191,2022-04-28 09:03:33.145103,Thursday,09:03,110.0,,2022-04-28
2192,2192,2022-04-28 09:03:58.268373,Thursday,09:03,110.0,,2022-04-28
2193,2193,2022-04-28 09:04:23.453191,Thursday,09:04,108.0,,2022-04-28
2194,2194,2022-04-28 09:04:48.607673,Thursday,09:04,108.0,,2022-04-28
2195,2195,2022-04-28 09:05:13.687298,Thursday,09:05,108.0,,2022-04-28
2196,2196,2022-04-28 09:05:38.779275,Thursday,09:05,108.0,,2022-04-28
2197,2197,2022-04-28 09:06:03.916109,Thursday,09:06,108.0,,2022-04-28
2198,2198,2022-04-28 09:06:29.039325,Thursday,09:06,110.0,,2022-04-28
2199,2199,2022-04-28 09:06:54.146934,Thursday,09:06,110.0,,2022-04-28
2200,2200,2022-04-28 09:07:19.256619,Thursday,09:07,110.0,,2022-04-28
2201,2201,2022-04-28 09:07:44.364220,Thursday,09:07,110.0,,2022-04-28
2202,2202,2022-04-28 09:08:09.477213,Thursday,09:08,110.0,,2022-04-28
2203,2203,2022-04-28 09:08:34.631689,Thursday,09:08,110.0,,2022-04-28
2204,2204,2022-04-28 09:08:59.754910,Thursday,09:08,110.0,,2022-04-28
2205,2205,2022-04-28 09:09:24.911675,Thursday,09:09,110.0,,2022-04-28
2206,2206,2022-04-28 09:09:50.050486,Thursday,09:09,110.0,,2022-04-28
2207,2207,2022-04-28 09:10:15.173646,Thursday,09:10,110.0,,2022-04-28
2208,2208,2022-04-28 09:10:40.283961,Thursday,09:10,110.0,,2022-04-28
2209,2209,2022-04-28 09:11:05.379349,Thursday,09:11,110.0,,2022-04-28
2210,2210,2022-04-28 09:11:30.471307,Thursday,09:11,110.0,,2022-04-28
2211,2211,2022-04-28 09:11:55.578890,Thursday,09:11,110.0,,2022-04-28
2212,2212,2022-04-28 09:12:20.675086,Thursday,09:12,110.0,,2022-04-28
2213,2213,2022-04-28 09:12:45.798293,Thursday,09:12,110.0,,2022-04-28
2214,2214,2022-04-28 09:13:10.881395,Thursday,09:13,110.0,,2022-04-28
2215,2215,2022-04-28 09:13:36.035850,Thursday,09:13,108.0,,2022-04-28
2216,2216,2022-04-28 09:14:01.145693,Thursday,09:14,108.0,,2022-04-28
2217,2217,2022-04-28 09:14:26.300147,Thursday,09:14,104.0,,2022-04-28
2218,2218,2022-04-28 09:14:51.407721,Thursday,09:14,104.0,,2022-04-28
2219,2219,2022-04-28 09:15:16.519586,Thursday,09:15,104.0,,2022-04-28
2220,2220,2022-04-28 09:15:41.598130,Thursday,09:15,104.0,,2022-04-28
2221,2221,2022-04-28 09:16:06.694047,Thursday,09:16,104.0,,2022-04-28
2222,2222,2022-04-28 09:16:31.785987,Thursday,09:16,104.0,,2022-04-28
2223,2223,2022-04-28 09:16:56.893551,Thursday,09:16,104.0,,2022-04-28
2224,2224,2022-04-28 09:17:22.000630,Thursday,09:17,108.0,,2022-04-28
2225,2225,2022-04-28 09:17:47.108194,Thursday,09:17,108.0,,2022-04-28
2226,2226,2022-04-28 09:18:12.196439,Thursday,09:18,105.0,,2022-04-28
2227,2227,2022-04-28 09:18:37.319601,Thursday,09:18,105.0,,2022-04-28
2228,2228,2022-04-28 09:19:02.398863,Thursday,09:19,105.0,,2022-04-28
2229,2229,2022-04-28 09:19:27.568925,Thursday,09:19,105.0,,2022-04-28
2230,2230,2022-04-28 09:19:52.676478,Thursday,09:19,105.0,,2022-04-28
2231,2231,2022-04-28 09:20:17.772356,Thursday,09:20,101.0,,2022-04-28
2232,2232,2022-04-28 09:20:42.895530,Thursday,09:20,101.0,,2022-04-28
2233,2233,2022-04-28 09:21:08.038791,Thursday,09:21,101.0,,2022-04-28
2234,2234,2022-04-28 09:21:33.146338,Thursday,09:21,101.0,,2022-04-28
2235,2235,2022-04-28 09:21:58.253883,Thursday,09:21,101.0,,2022-04-28
2236,2236,2022-04-28 09:22:23.376672,Thursday,09:22,105.0,,2022-04-28
2237,2237,2022-04-28 09:22:48.484218,Thursday,09:22,105.0,,2022-04-28
2238,2238,2022-04-28 09:23:13.580217,Thursday,09:23,107.0,,2022-04-28
2239,2239,2022-04-28 09:23:38.687763,Thursday,09:23,107.0,,2022-04-28
2240,2240,2022-04-28 09:24:03.798095,Thursday,09:24,107.0,,2022-04-28
2241,2241,2022-04-28 09:24:28.983766,Thursday,09:24,106.0,,2022-04-28
2242,2242,2022-04-28 09:24:54.169418,Thursday,09:24,106.0,,2022-04-28
2243,2243,2022-04-28 09:25:19.278797,Thursday,09:25,106.0,,2022-04-28
2244,2244,2022-04-28 09:25:44.386328,Thursday,09:25,106.0,,2022-04-28
2245,2245,2022-04-28 09:26:09.534258,Thursday,09:26,106.0,,2022-04-28
2246,2246,2022-04-28 09:26:34.657415,Thursday,09:26,106.0,,2022-04-28
2247,2247,2022-04-28 09:26:59.781773,Thursday,09:26,106.0,,2022-04-28
2248,2248,2022-04-28 09:27:24.879812,Thursday,09:27,102.0,,2022-04-28
2249,2249,2022-04-28 09:27:49.987345,Thursday,09:27,102.0,,2022-04-28
2250,2250,2022-04-28 09:28:15.085098,Thursday,09:28,98.0,,2022-04-28
2251,2251,2022-04-28 09:28:40.223877,Thursday,09:28,98.0,,2022-04-28
2252,2252,2022-04-28 09:29:05.334093,Thursday,09:29,98.0,,2022-04-28
2253,2253,2022-04-28 09:29:30.489788,Thursday,09:29,94.0,,2022-04-28
2254,2254,2022-04-28 09:29:55.612931,Thursday,09:29,94.0,,2022-04-28
2255,2255,2022-04-28 09:30:20.730127,Thursday,09:30,90.0,,2022-04-28
2256,2256,2022-04-28 09:30:45.853268,Thursday,09:30,90.0,,2022-04-28
2257,2257,2022-04-28 09:31:10.963557,Thursday,09:31,90.0,,2022-04-28
2258,2258,2022-04-28 09:31:36.055451,Thursday,09:31,90.0,,2022-04-28
2259,2259,2022-04-28 09:32:01.167305,Thursday,09:32,90.0,,2022-04-28
2260,2260,2022-04-28 09:32:26.274848,Thursday,09:32,90.0,,2022-04-28
2261,2261,2022-04-28 09:32:51.397991,Thursday,09:32,90.0,,2022-04-28
2262,2262,2022-04-28 09:33:16.490010,Thursday,09:33,90.0,,2022-04-28
2263,2263,2022-04-28 09:33:41.597531,Thursday,09:33,90.0,,2022-04-28
2264,2264,2022-04-28 09:34:06.689508,Thursday,09:34,90.0,,2022-04-28
2265,2265,2022-04-28 09:34:31.875144,Thursday,09:34,86.0,,2022-04-28
2266,2266,2022-04-28 09:34:56.982647,Thursday,09:34,86.0,,2022-04-28
2267,2267,2022-04-28 09:35:22.075937,Thursday,09:35,82.0,,2022-04-28
2268,2268,2022-04-28 09:35:47.167816,Thursday,09:35,82.0,,2022-04-28
2269,2269,2022-04-28 09:36:12.264831,Thursday,09:36,82.0,,2022-04-28
2270,2270,2022-04-28 09:36:37.387959,Thursday,09:36,78.0,,2022-04-28
2271,2271,2022-04-28 09:37:02.480805,Thursday,09:37,78.0,,2022-04-28
2272,2272,2022-04-28 09:37:27.619555,Thursday,09:37,74.0,,2022-04-28
2273,2273,2022-04-28 09:37:52.742681,Thursday,09:37,74.0,,2022-04-28
2274,2274,2022-04-28 09:38:17.855242,Thursday,09:38,74.0,,2022-04-28
2275,2275,2022-04-28 09:38:42.978367,Thursday,09:38,74.0,,2022-04-28
2276,2276,2022-04-28 09:39:08.102352,Thursday,09:39,74.0,,2022-04-28
2277,2277,2022-04-28 09:39:33.256725,Thursday,09:39,72.0,,2022-04-28
2278,2278,2022-04-28 09:39:58.364187,Thursday,09:39,72.0,,2022-04-28
2279,2279,2022-04-28 09:40:23.470356,Thursday,09:40,68.0,,2022-04-28
2280,2280,2022-04-28 09:40:48.562226,Thursday,09:40,68.0,,2022-04-28
2281,2281,2022-04-28 09:41:13.700542,Thursday,09:41,64.0,,2022-04-28
2282,2282,2022-04-28 09:41:38.792409,Thursday,09:41,64.0,,2022-04-28
2283,2283,2022-04-28 09:42:03.890018,Thursday,09:42,64.0,,2022-04-28
2284,2284,2022-04-28 09:42:28.997510,Thursday,09:42,60.0,,2022-04-28
2285,2285,2022-04-28 09:42:54.120621,Thursday,09:42,60.0,,2022-04-28
2286,2286,2022-04-28 09:43:19.241038,Thursday,09:43,56.0,,2022-04-28
2287,2287,2022-04-28 09:43:44.364153,Thursday,09:43,56.0,,2022-04-28
2288,2288,2022-04-28 09:44:09.488938,Thursday,09:44,56.0,,2022-04-28
2289,2289,2022-04-28 09:44:34.658920,Thursday,09:44,52.0,,2022-04-28
2290,2290,2022-04-28 09:44:59.782024,Thursday,09:44,52.0,,2022-04-28
2291,2291,2022-04-28 09:45:24.892298,Thursday,09:45,48.0,,2022-04-28
2292,2292,2022-04-28 09:45:49.999775,Thursday,09:45,48.0,,2022-04-28
2293,2293,2022-04-28 09:46:15.127013,Thursday,09:46,44.0,,2022-04-28
2294,2294,2022-04-28 09:46:40.234488,Thursday,09:46,44.0,,2022-04-28
2295,2295,2022-04-28 09:47:05.356846,Thursday,09:47,44.0,,2022-04-28
2296,2296,2022-04-28 09:47:30.479974,Thursday,09:47,40.0,,2022-04-28
2297,2297,2022-04-28 09:47:55.587453,Thursday,09:47,40.0,,2022-04-28
2298,2298,2022-04-28 09:48:20.669482,Thursday,09:48,36.0,,2022-04-28
2299,2299,2022-04-28 09:48:45.792584,Thursday,09:48,36.0,,2022-04-28
2300,2300,2022-04-28 09:49:10.902603,Thursday,09:49,36.0,,2022-04-28
2301,2301,2022-04-28 09:49:36.098970,Thursday,09:49,32.0,,2022-04-28
2302,2302,2022-04-28 09:50:01.238967,Thursday,09:50,32.0,,2022-04-28
2303,2303,2022-04-28 09:50:26.362052,Thursday,09:50,28.0,,2022-04-28
2304,2304,2022-04-28 09:50:51.469513,Thursday,09:50,28.0,,2022-04-28
2305,2305,2022-04-28 09:51:16.596851,Thursday,09:51,24.0,,2022-04-28
2306,2306,2022-04-28 09:51:41.704313,Thursday,09:51,24.0,,2022-04-28
2307,2307,2022-04-28 09:52:06.792193,Thursday,09:52,24.0,,2022-04-28
2308,2308,2022-04-28 09:52:31.898424,Thursday,09:52,20.0,,2022-04-28
2309,2309,2022-04-28 09:52:57.006716,Thursday,09:52,20.0,,2022-04-28
2310,2310,2022-04-28 09:53:22.160198,Thursday,09:53,16.0,,2022-04-28
2311,2311,2022-04-28 09:53:47.254038,Thursday,09:53,16.0,,2022-04-28
2312,2312,2022-04-28 09:54:12.344859,Thursday,09:54,16.0,,2022-04-28
2313,2313,2022-04-28 09:54:37.514811,Thursday,09:54,12.0,,2022-04-28
2314,2314,2022-04-28 09:55:02.628543,Thursday,09:55,12.0,,2022-04-28
2315,2315,2022-04-28 09:55:27.734162,Thursday,09:55,8.0,,2022-04-28
2316,2316,2022-04-28 09:55:52.839211,Thursday,09:55,8.0,,2022-04-28
2317,2317,2022-04-28 09:56:17.947084,Thursday,09:56,7.0,,2022-04-28
2318,2318,2022-04-28 09:56:43.101403,Thursday,09:56,7.0,,2022-04-28
2319,2319,2022-04-28 09:57:08.212051,Thursday,09:57,7.0,,2022-04-28
2320,2320,2022-04-28 09:57:33.306101,Thursday,09:57,7.0,,2022-04-28
2321,2321,2022-04-28 09:57:58.413549,Thursday,09:57,7.0,,2022-04-28
2322,2322,2022-04-28 09:58:23.515257,Thursday,09:58,7.0,,2022-04-28
2323,2323,2022-04-28 09:58:48.622706,Thursday,09:58,7.0,,2022-04-28
2324,2324,2022-04-28 09:59:13.734286,Thursday,09:59,7.0,,2022-04-28
2325,2325,2022-04-28 09:59:38.888608,Thursday,09:59,7.0,,2022-04-28
2326,2326,2022-04-28 10:00:03.990361,Thursday,10:00,7.0,,2022-04-28
2327,2327,2022-04-28 10:00:29.097805,Thursday,10:00,7.0,,2022-04-28
2328,2328,2022-04-28 10:00:54.205242,Thursday,10:00,7.0,,2022-04-28
2329,2329,2022-04-28 10:01:19.349367,Thursday,10:01,7.0,,2022-04-28
2330,2330,2022-04-28 10:01:44.441182,Thursday,10:01,7.0,,2022-04-28
2331,2331,2022-04-28 10:02:09.551059,Thursday,10:02,7.0,,2022-04-28
2332,2332,2022-04-28 10:02:34.658497,Thursday,10:02,7.0,,2022-04-28
2333,2333,2022-04-28 10:02:59.765942,Thursday,10:02,7.0,,2022-04-28
2334,2334,2022-04-28 10:03:24.873544,Thursday,10:03,7.0,,2022-04-28
2335,2335,2022-04-28 10:03:49.996609,Thursday,10:03,7.0,,2022-04-28
2336,2336,2022-04-28 10:04:15.091935,Thursday,10:04,7.0,,2022-04-28
2337,2337,2022-04-28 10:04:40.278717,Thursday,10:04,7.0,,2022-04-28
2338,2338,2022-04-28 10:05:05.381925,Thursday,10:05,7.0,,2022-04-28
2339,2339,2022-04-28 10:05:30.489353,Thursday,10:05,7.0,,2022-04-28
2340,2340,2022-04-28 10:05:55.628028,Thursday,10:05,7.0,,2022-04-28
2341,2341,2022-04-28 10:06:20.740725,Thursday,10:06,7.0,,2022-04-28
2342,2342,2022-04-28 10:06:45.841830,Thursday,10:06,7.0,,2022-04-28
2343,2343,2022-04-28 10:07:10.954822,Thursday,10:07,7.0,,2022-04-28
2344,2344,2022-04-28 10:07:36.062250,Thursday,10:07,7.0,,2022-04-28
2345,2345,2022-04-28 10:08:01.174758,Thursday,10:08,7.0,,2022-04-28
2346,2346,2022-04-28 10:08:26.266561,Thursday,10:08,7.0,,2022-04-28
2347,2347,2022-04-28 10:08:51.399480,Thursday,10:08,7.0,,2022-04-28
2348,2348,2022-04-28 10:09:16.494144,Thursday,10:09,7.0,,2022-04-28
2349,2349,2022-04-28 10:09:41.652653,Thursday,10:09,7.0,,2022-04-28
2350,2350,2022-04-28 10:10:06.755288,Thursday,10:10,7.0,,2022-04-28
2351,2351,2022-04-28 10:10:31.862019,Thursday,10:10,7.0,,2022-04-28
2352,2352,2022-04-28 10:10:56.985575,Thursday,10:10,7.0,,2022-04-28
2353,2353,2022-04-28 10:11:22.115513,Thursday,10:11,7.0,,2022-04-28
2354,2354,2022-04-28 10:11:47.236092,Thursday,10:11,7.0,,2022-04-28
2355,2355,2022-04-28 10:12:12.356982,Thursday,10:12,7.0,,2022-04-28
2356,2356,2022-04-28 10:12:37.505095,Thursday,10:12,7.0,,2022-04-28
2357,2357,2022-04-28 10:13:02.628188,Thursday,10:13,7.0,,2022-04-28
2358,2358,2022-04-28 10:13:27.801124,Thursday,10:13,7.0,,2022-04-28
2359,2359,2022-04-28 10:13:52.899300,Thursday,10:13,7.0,,2022-04-28
2360,2360,2022-04-28 10:14:18.014420,Thursday,10:14,7.0,,2022-04-28
2361,2361,2022-04-28 10:14:43.134276,Thursday,10:14,7.0,,2022-04-28
2362,2362,2022-04-28 10:15:08.228803,Thursday,10:15,7.0,,2022-04-28
2363,2363,2022-04-28 10:15:33.314357,Thursday,10:15,7.0,,2022-04-28
2364,2364,2022-04-28 10:15:58.437383,Thursday,10:15,7.0,,2022-04-28
2365,2365,2022-04-28 10:16:23.559772,Thursday,10:16,7.0,,2022-04-28
2366,2366,2022-04-28 10:16:48.651547,Thursday,10:16,7.0,,2022-04-28
2367,2367,2022-04-28 10:17:13.747445,Thursday,10:17,7.0,,2022-04-28
2368,2368,2022-04-28 10:17:38.870472,Thursday,10:17,7.0,,2022-04-28
2369,2369,2022-04-28 10:18:03.962074,Thursday,10:18,7.0,,2022-04-28
2370,2370,2022-04-28 10:18:29.147597,Thursday,10:18,7.0,,2022-04-28
2371,2371,2022-04-28 10:18:54.270624,Thursday,10:18,7.0,,2022-04-28
2372,2372,2022-04-28 10:19:19.382752,Thursday,10:19,7.0,,2022-04-28
2373,2373,2022-04-28 10:19:44.474530,Thursday,10:19,7.0,,2022-04-28
2374,2374,2022-04-28 10:20:09.598546,Thursday,10:20,7.0,,2022-04-28
2375,2375,2022-04-28 10:20:34.690316,Thursday,10:20,7.0,,2022-04-28
2376,2376,2022-04-28 10:20:59.809010,Thursday,10:20,7.0,,2022-04-28
2377,2377,2022-04-28 10:21:24.920033,Thursday,10:21,7.0,,2022-04-28
2378,2378,2022-04-28 10:21:50.022183,Thursday,10:21,7.0,,2022-04-28
2379,2379,2022-04-28 10:22:15.146846,Thursday,10:22,7.0,,2022-04-28
2380,2380,2022-04-28 10:22:40.271605,Thursday,10:22,7.0,,2022-04-28
2381,2381,2022-04-28 10:23:05.380832,Thursday,10:23,7.0,,2022-04-28
2382,2382,2022-04-28 10:23:30.552417,Thursday,10:23,7.0,,2022-04-28
2383,2383,2022-04-28 10:23:55.692709,Thursday,10:23,7.0,,2022-04-28
2384,2384,2022-04-28 10:24:20.801396,Thursday,10:24,7.0,,2022-04-28
2385,2385,2022-04-28 10:24:45.910824,Thursday,10:24,7.0,,2022-04-28
2386,2386,2022-04-28 10:25:11.021976,Thursday,10:25,7.0,,2022-04-28
2387,2387,2022-04-28 10:25:36.121551,Thursday,10:25,7.0,,2022-04-28
2388,2388,2022-04-28 10:26:01.242974,Thursday,10:26,7.0,,2022-04-28
2389,2389,2022-04-28 10:26:26.367732,Thursday,10:26,7.0,,2022-04-28
2390,2390,2022-04-28 10:26:51.486880,Thursday,10:26,7.0,,2022-04-28
2391,2391,2022-04-28 10:27:16.608991,Thursday,10:27,7.0,,2022-04-28
2392,2392,2022-04-28 10:27:42.125887,Thursday,10:27,7.0,,2022-04-28
2393,2393,2022-04-28 10:28:07.227347,Thursday,10:28,7.0,,2022-04-28
2394,2394,2022-04-28 10:28:32.421940,Thursday,10:28,7.0,,2022-04-28
2395,2395,2022-04-28 10:28:57.556137,Thursday,10:28,7.0,,2022-04-28
2396,2396,2022-04-28 10:29:22.685600,Thursday,10:29,7.0,,2022-04-28
2397,2397,2022-04-28 10:29:47.781970,Thursday,10:29,7.0,,2022-04-28
2398,2398,2022-04-28 10:30:12.916292,Thursday,10:30,7.0,,2022-04-28
2399,2399,2022-04-28 10:30:38.026937,Thursday,10:30,7.0,,2022-04-28
2400,2400,2022-04-28 10:31:03.151016,Thursday,10:31,7.0,,2022-04-28
2401,2401,2022-04-28 10:31:28.263643,Thursday,10:31,7.0,,2022-04-28
2402,2402,2022-04-28 10:31:53.373823,Thursday,10:31,7.0,,2022-04-28
2403,2403,2022-04-28 10:32:18.512087,Thursday,10:32,7.0,,2022-04-28
2404,2404,2022-04-28 10:32:43.648949,Thursday,10:32,7.0,,2022-04-28
2405,2405,2022-04-28 10:33:08.744702,Thursday,10:33,7.0,,2022-04-28
2406,2406,2022-04-28 10:33:33.918664,Thursday,10:33,7.0,,2022-04-28
2407,2407,2022-04-28 10:33:59.064302,Thursday,10:33,7.0,,2022-04-28
2408,2408,2022-04-28 10:34:24.182454,Thursday,10:34,7.0,,2022-04-28
2409,2409,2022-04-28 10:34:49.290527,Thursday,10:34,7.0,,2022-04-28
2410,2410,2022-04-28 10:35:14.430468,Thursday,10:35,7.0,,2022-04-28
2411,2411,2022-04-28 10:35:39.565344,Thursday,10:35,7.0,,2022-04-28
2412,2412,2022-04-28 10:36:04.699164,Thursday,10:36,7.0,,2022-04-28
2413,2413,2022-04-28 10:36:29.832706,Thursday,10:36,7.0,,2022-04-28
2414,2414,2022-04-28 10:36:54.948259,Thursday,10:36,7.0,,2022-04-28
2415,2415,2022-04-28 10:37:20.056552,Thursday,10:37,7.0,,2022-04-28
2416,2416,2022-04-28 10:37:45.191803,Thursday,10:37,7.0,,2022-04-28
2417,2417,2022-04-28 10:38:10.299462,Thursday,10:38,7.0,,2022-04-28
2418,2418,2022-04-28 10:38:35.461152,Thursday,10:38,7.0,,2022-04-28
2419,2419,2022-04-28 10:39:00.571811,Thursday,10:39,7.0,,2022-04-28
2420,2420,2022-04-28 10:39:25.649908,Thursday,10:39,7.0,,2022-04-28
2421,2421,2022-04-28 10:39:50.774196,Thursday,10:39,7.0,,2022-04-28
2422,2422,2022-04-28 10:40:15.964474,Thursday,10:40,7.0,,2022-04-28
2423,2423,2022-04-28 10:40:41.065916,Thursday,10:40,7.0,,2022-04-28
2424,2424,2022-04-28 10:41:06.172849,Thursday,10:41,7.0,,2022-04-28
2425,2425,2022-04-28 10:41:31.321758,Thursday,10:41,7.0,,2022-04-28
2426,2426,2022-04-28 10:41:56.444736,Thursday,10:41,7.0,,2022-04-28
2427,2427,2022-04-28 10:42:21.572812,Thursday,10:42,7.0,,2022-04-28
2428,2428,2022-04-28 10:42:46.711407,Thursday,10:42,7.0,,2022-04-28
2429,2429,2022-04-28 10:43:11.811440,Thursday,10:43,7.0,,2022-04-28
2430,2430,2022-04-28 10:43:36.945631,Thursday,10:43,7.0,,2022-04-28
2431,2431,2022-04-28 10:44:02.089265,Thursday,10:44,7.0,,2022-04-28
2432,2432,2022-04-28 10:44:27.182770,Thursday,10:44,7.0,,2022-04-28
2433,2433,2022-04-28 10:44:52.273254,Thursday,10:44,7.0,,2022-04-28
2434,2434,2022-04-28 10:45:17.470208,Thursday,10:45,7.0,,2022-04-28
2435,2435,2022-04-28 10:45:42.579623,Thursday,10:45,7.0,,2022-04-28
2436,2436,2022-04-28 10:46:07.675470,Thursday,10:46,7.0,,2022-04-28
2437,2437,2022-04-28 10:46:32.792207,Thursday,10:46,7.0,,2022-04-28
2438,2438,2022-04-28 10:46:57.915147,Thursday,10:46,7.0,,2022-04-28
2439,2439,2022-04-28 10:47:23.011829,Thursday,10:47,7.0,,2022-04-28
2440,2440,2022-04-28 10:47:48.163626,Thursday,10:47,7.0,,2022-04-28
2441,2441,2022-04-28 10:48:13.283057,Thursday,10:48,7.0,,2022-04-28
2442,2442,2022-04-28 10:48:38.406026,Thursday,10:48,7.0,,2022-04-28
2443,2443,2022-04-28 10:49:03.547385,Thursday,10:49,7.0,,2022-04-28
2444,2444,2022-04-28 10:49:28.639115,Thursday,10:49,7.0,,2022-04-28
2445,2445,2022-04-28 10:49:53.746422,Thursday,10:49,7.0,,2022-04-28
2446,2446,2022-04-28 10:50:18.941439,Thursday,10:50,7.0,,2022-04-28
2447,2447,2022-04-28 10:50:44.064347,Thursday,10:50,7.0,,2022-04-28
2448,2448,2022-04-28 10:51:09.161968,Thursday,10:51,7.0,,2022-04-28
2449,2449,2022-04-28 10:51:34.317604,Thursday,10:51,7.0,,2022-04-28
2450,2450,2022-04-28 10:51:59.424949,Thursday,10:51,7.0,,2022-04-28
2451,2451,2022-04-28 10:52:24.563495,Thursday,10:52,7.0,,2022-04-28
2452,2452,2022-04-28 10:52:49.686452,Thursday,10:52,7.0,,2022-04-28
2453,2453,2022-04-28 10:53:14.799474,Thursday,10:53,7.0,,2022-04-28
2454,2454,2022-04-28 10:53:39.906497,Thursday,10:53,7.0,,2022-04-28
2455,2455,2022-04-28 10:54:05.034627,Thursday,10:54,7.0,,2022-04-28
2456,2456,2022-04-28 10:54:30.152154,Thursday,10:54,7.0,,2022-04-28
2457,2457,2022-04-28 10:54:55.256370,Thursday,10:54,7.0,,2022-04-28
2458,2458,2022-04-28 10:55:20.471114,Thursday,10:55,7.0,,2022-04-28
2459,2459,2022-04-28 10:55:45.608452,Thursday,10:55,7.0,,2022-04-28
2460,2460,2022-04-28 10:56:10.704171,Thursday,10:56,7.0,,2022-04-28
2461,2461,2022-04-28 10:56:35.842748,Thursday,10:56,7.0,,2022-04-28
2462,2462,2022-04-28 10:57:00.946585,Thursday,10:57,7.0,,2022-04-28
2463,2463,2022-04-28 10:57:26.070872,Thursday,10:57,7.0,,2022-04-28
2464,2464,2022-04-28 10:57:51.193848,Thursday,10:57,7.0,,2022-04-28
2465,2465,2022-04-28 10:58:16.298238,Thursday,10:58,7.0,,2022-04-28
2466,2466,2022-04-28 10:58:41.436784,Thursday,10:58,7.0,,2022-04-28
2467,2467,2022-04-28 10:59:06.533867,Thursday,10:59,7.0,,2022-04-28
2468,2468,2022-04-28 10:59:31.628291,Thursday,10:59,7.0,,2022-04-28
2469,2469,2022-04-28 10:59:56.745120,Thursday,10:59,7.0,,2022-04-28
2470,2470,2022-04-28 11:00:21.933000,Thursday,11:00,7.0,,2022-04-28
2471,2471,2022-04-28 11:00:47.055905,Thursday,11:00,7.0,,2022-04-28
2472,2472,2022-04-28 11:01:12.137843,Thursday,11:01,7.0,,2022-04-28
2473,2473,2022-04-28 11:01:37.264151,Thursday,11:01,7.0,,2022-04-28
2474,2474,2022-04-28 11:02:02.384267,Thursday,11:02,7.0,,2022-04-28
2475,2475,2022-04-28 11:02:27.485056,Thursday,11:02,7.0,,2022-04-28
2476,2476,2022-04-28 11:02:52.654170,Thursday,11:02,7.0,,2022-04-28
2477,2477,2022-04-28 11:03:17.770596,Thursday,11:03,7.0,,2022-04-28
2478,2478,2022-04-28 11:03:42.874942,Thursday,11:03,7.0,,2022-04-28
2479,2479,2022-04-28 11:04:07.974910,Thursday,11:04,7.0,,2022-04-28
2480,2480,2022-04-28 11:04:33.078478,Thursday,11:04,7.0,,2022-04-28
2481,2481,2022-04-28 11:04:58.185885,Thursday,11:04,7.0,,2022-04-28
2482,2482,2022-04-28 11:05:23.381793,Thursday,11:05,7.0,,2022-04-28
2483,2483,2022-04-28 11:05:48.505776,Thursday,11:05,7.0,,2022-04-28
2484,2484,2022-04-28 11:06:13.603948,Thursday,11:06,7.0,,2022-04-28
2485,2485,2022-04-28 11:06:38.768161,Thursday,11:06,7.0,,2022-04-28
2486,2486,2022-04-28 11:07:03.864138,Thursday,11:07,7.0,,2022-04-28
2487,2487,2022-04-28 11:07:28.971419,Thursday,11:07,7.0,,2022-04-28
2488,2488,2022-04-28 11:07:54.092992,Thursday,11:07,7.0,,2022-04-28
2489,2489,2022-04-28 11:08:19.209088,Thursday,11:08,7.0,,2022-04-28
2490,2490,2022-04-28 11:08:44.316498,Thursday,11:08,7.0,,2022-04-28
2491,2491,2022-04-28 11:09:09.430540,Thursday,11:09,7.0,,2022-04-28
2492,2492,2022-04-28 11:09:34.537854,Thursday,11:09,7.0,,2022-04-28
2493,2493,2022-04-28 11:09:59.660785,Thursday,11:09,7.0,,2022-04-28
2494,2494,2022-04-28 11:10:24.863111,Thursday,11:10,7.0,,2022-04-28
2495,2495,2022-04-28 11:10:49.986045,Thursday,11:10,7.0,,2022-04-28
2496,2496,2022-04-28 11:11:15.162315,Thursday,11:11,7.0,,2022-04-28
2497,2497,2022-04-28 11:11:40.316496,Thursday,11:11,7.0,,2022-04-28
2498,2498,2022-04-28 11:12:05.435536,Thursday,11:12,7.0,,2022-04-28
2499,2499,2022-04-28 11:12:31.027186,Thursday,11:12,7.0,,2022-04-28
2500,2500,2022-04-28 11:12:56.165740,Thursday,11:12,7.0,,2022-04-28
2501,2501,2022-04-28 11:13:21.302925,Thursday,11:13,7.0,,2022-04-28
2502,2502,2022-04-28 11:13:46.425681,Thursday,11:13,7.0,,2022-04-28
2503,2503,2022-04-28 11:14:11.553666,Thursday,11:14,7.0,,2022-04-28
2504,2504,2022-04-28 11:14:36.660973,Thursday,11:14,7.0,,2022-04-28
2505,2505,2022-04-28 11:15:01.800655,Thursday,11:15,7.0,,2022-04-28
2506,2506,2022-04-28 11:15:26.933351,Thursday,11:15,7.0,,2022-04-28
2507,2507,2022-04-28 11:15:52.056276,Thursday,11:15,7.0,,2022-04-28
2508,2508,2022-04-28 11:16:17.215239,Thursday,11:16,7.0,,2022-04-28
2509,2509,2022-04-28 11:16:42.369428,Thursday,11:16,7.0,,2022-04-28
2510,2510,2022-04-28 11:17:07.465397,Thursday,11:17,7.0,,2022-04-28
2511,2511,2022-04-28 11:17:32.588302,Thursday,11:17,7.0,,2022-04-28
2512,2512,2022-04-28 11:17:57.726848,Thursday,11:17,7.0,,2022-04-28
2513,2513,2022-04-28 11:18:22.834698,Thursday,11:18,7.0,,2022-04-28
2514,2514,2022-04-28 11:18:47.942067,Thursday,11:18,7.0,,2022-04-28
2515,2515,2022-04-28 11:19:13.054424,Thursday,11:19,7.0,,2022-04-28
2516,2516,2022-04-28 11:19:38.161715,Thursday,11:19,7.0,,2022-04-28
2517,2517,2022-04-28 11:20:03.277635,Thursday,11:20,7.0,,2022-04-28
2518,2518,2022-04-28 11:20:28.400584,Thursday,11:20,7.0,,2022-04-28
2519,2519,2022-04-28 11:20:53.514165,Thursday,11:20,7.0,,2022-04-28
2520,2520,2022-04-28 11:21:18.732177,Thursday,11:21,7.0,,2022-04-28
2521,2521,2022-04-28 11:21:43.842024,Thursday,11:21,7.0,,2022-04-28
2522,2522,2022-04-28 11:22:08.939418,Thursday,11:22,7.0,,2022-04-28
2523,2523,2022-04-28 11:22:34.062349,Thursday,11:22,7.0,,2022-04-28
2524,2524,2022-04-28 11:22:59.185293,Thursday,11:22,7.0,,2022-04-28
2525,2525,2022-04-28 11:23:24.298283,Thursday,11:23,7.0,,2022-04-28
2526,2526,2022-04-28 11:23:49.405578,Thursday,11:23,7.0,,2022-04-28
2527,2527,2022-04-28 11:24:14.540757,Thursday,11:24,7.0,,2022-04-28
2528,2528,2022-04-28 11:24:39.663684,Thursday,11:24,7.0,,2022-04-28
2529,2529,2022-04-28 11:25:04.776638,Thursday,11:25,7.0,,2022-04-28
2530,2530,2022-04-28 11:25:29.915180,Thursday,11:25,7.0,,2022-04-28
2531,2531,2022-04-28 11:25:55.039517,Thursday,11:25,7.0,,2022-04-28
2532,2532,2022-04-28 11:26:20.244044,Thursday,11:26,7.0,,2022-04-28
2533,2533,2022-04-28 11:26:45.382574,Thursday,11:26,7.0,,2022-04-28
2534,2534,2022-04-28 11:27:10.533912,Thursday,11:27,7.0,,2022-04-28
2535,2535,2022-04-28 11:27:35.688093,Thursday,11:27,7.0,,2022-04-28
2536,2536,2022-04-28 11:28:00.802920,Thursday,11:28,7.0,,2022-04-28
2537,2537,2022-04-28 11:28:25.906549,Thursday,11:28,7.0,,2022-04-28
2538,2538,2022-04-28 11:28:50.992881,Thursday,11:28,7.0,,2022-04-28
2539,2539,2022-04-28 11:29:16.103879,Thursday,11:29,7.0,,2022-04-28
2540,2540,2022-04-28 11:29:41.211167,Thursday,11:29,7.0,,2022-04-28
2541,2541,2022-04-28 11:30:06.308178,Thursday,11:30,7.0,,2022-04-28
2542,2542,2022-04-28 11:30:31.431102,Thursday,11:30,7.0,,2022-04-28
2543,2543,2022-04-28 11:30:56.569631,Thursday,11:30,7.0,,2022-04-28
2544,2544,2022-04-28 11:31:21.731068,Thursday,11:31,7.0,,2022-04-28
2545,2545,2022-04-28 11:31:46.900832,Thursday,11:31,7.0,,2022-04-28
2546,2546,2022-04-28 11:32:12.001622,Thursday,11:32,7.0,,2022-04-28
2547,2547,2022-04-28 11:32:37.116272,Thursday,11:32,7.0,,2022-04-28
2548,2548,2022-04-28 11:33:02.263628,Thursday,11:33,7.0,,2022-04-28
2549,2549,2022-04-28 11:33:27.366704,Thursday,11:33,7.0,,2022-04-28
2550,2550,2022-04-28 11:33:52.491216,Thursday,11:33,7.0,,2022-04-28
2551,2551,2022-04-28 11:34:17.602546,Thursday,11:34,7.0,,2022-04-28
2552,2552,2022-04-28 11:34:42.709807,Thursday,11:34,7.0,,2022-04-28
2553,2553,2022-04-28 11:35:07.818418,Thursday,11:35,7.0,,2022-04-28
2554,2554,2022-04-28 11:35:32.990072,Thursday,11:35,7.0,,2022-04-28
2555,2555,2022-04-28 11:35:58.100805,Thursday,11:35,7.0,,2022-04-28
2556,2556,2022-04-28 11:36:23.268580,Thursday,11:36,7.0,,2022-04-28
2557,2557,2022-04-28 11:36:48.391475,Thursday,11:36,7.0,,2022-04-28
2558,2558,2022-04-28 11:37:13.472568,Thursday,11:37,7.0,,2022-04-28
2559,2559,2022-04-28 11:37:38.573296,Thursday,11:37,7.0,,2022-04-28
2560,2560,2022-04-28 11:38:03.684454,Thursday,11:38,7.0,,2022-04-28
2561,2561,2022-04-28 11:38:28.805969,Thursday,11:38,7.0,,2022-04-28
2562,2562,2022-04-28 11:38:53.902120,Thursday,11:38,7.0,,2022-04-28
2563,2563,2022-04-28 11:39:19.057280,Thursday,11:39,7.0,,2022-04-28
2564,2564,2022-04-28 11:39:44.190353,Thursday,11:39,7.0,,2022-04-28
2565,2565,2022-04-28 11:40:09.356738,Thursday,11:40,7.0,,2022-04-28
2566,2566,2022-04-28 11:40:34.467516,Thursday,11:40,7.0,,2022-04-28
2567,2567,2022-04-28 11:40:59.554445,Thursday,11:40,7.0,,2022-04-28
2568,2568,2022-04-28 11:41:24.727950,Thursday,11:41,7.0,,2022-04-28
2569,2569,2022-04-28 11:41:49.864698,Thursday,11:41,7.0,,2022-04-28
2570,2570,2022-04-28 11:42:14.998085,Thursday,11:42,7.0,,2022-04-28
2571,2571,2022-04-28 11:42:40.096652,Thursday,11:42,7.0,,2022-04-28
2572,2572,2022-04-28 11:43:05.245380,Thursday,11:43,7.0,,2022-04-28
2573,2573,2022-04-28 11:43:30.323220,Thursday,11:43,7.0,,2022-04-28
2574,2574,2022-04-28 11:43:55.463162,Thursday,11:43,7.0,,2022-04-28
2575,2575,2022-04-28 11:44:20.586458,Thursday,11:44,7.0,,2022-04-28
2576,2576,2022-04-28 11:44:45.705275,Thursday,11:44,7.0,,2022-04-28
2577,2577,2022-04-28 11:45:10.801362,Thursday,11:45,7.0,,2022-04-28
2578,2578,2022-04-28 11:45:35.946017,Thursday,11:45,7.0,,2022-04-28
2579,2579,2022-04-28 11:46:01.069355,Thursday,11:46,7.0,,2022-04-28
2580,2580,2022-04-28 11:46:26.256609,Thursday,11:46,7.0,,2022-04-28
2581,2581,2022-04-28 11:46:51.395120,Thursday,11:46,7.0,,2022-04-28
2582,2582,2022-04-28 11:47:16.507799,Thursday,11:47,7.0,,2022-04-28
2583,2583,2022-04-28 11:47:41.607746,Thursday,11:47,7.0,,2022-04-28
2584,2584,2022-04-28 11:48:06.704678,Thursday,11:48,7.0,,2022-04-28
2585,2585,2022-04-28 11:48:31.811940,Thursday,11:48,7.0,,2022-04-28
2586,2586,2022-04-28 11:48:56.913465,Thursday,11:48,7.0,,2022-04-28
2587,2587,2022-04-28 11:49:22.051860,Thursday,11:49,7.0,,2022-04-28
2588,2588,2022-04-28 11:49:47.172888,Thursday,11:49,7.0,,2022-04-28
2589,2589,2022-04-28 11:50:12.269899,Thursday,11:50,7.0,,2022-04-28
2590,2590,2022-04-28 11:50:37.363830,Thursday,11:50,7.0,,2022-04-28
2591,2591,2022-04-28 11:51:02.490266,Thursday,11:51,7.0,,2022-04-28
2592,2592,2022-04-28 11:51:27.691287,Thursday,11:51,7.0,,2022-04-28
2593,2593,2022-04-28 11:51:52.845368,Thursday,11:51,7.0,,2022-04-28
2594,2594,2022-04-28 11:52:17.969272,Thursday,11:52,7.0,,2022-04-28
2595,2595,2022-04-28 11:52:43.081367,Thursday,11:52,7.0,,2022-04-28
2596,2596,2022-04-28 11:53:08.227026,Thursday,11:53,7.0,,2022-04-28
2597,2597,2022-04-28 11:53:33.349912,Thursday,11:53,7.0,,2022-04-28
2598,2598,2022-04-28 11:53:58.484656,Thursday,11:53,7.0,,2022-04-28
2599,2599,2022-04-28 11:54:23.617751,Thursday,11:54,7.0,,2022-04-28
2600,2600,2022-04-28 11:54:48.740607,Thursday,11:54,7.0,,2022-04-28
2601,2601,2022-04-28 11:55:13.857232,Thursday,11:55,7.0,,2022-04-28
2602,2602,2022-04-28 11:55:38.980106,Thursday,11:55,7.0,,2022-04-28
2603,2603,2022-04-28 11:56:04.099655,Thursday,11:56,7.0,,2022-04-28
2604,2604,2022-04-28 11:56:29.273689,Thursday,11:56,7.0,,2022-04-28
2605,2605,2022-04-28 11:56:54.427818,Thursday,11:56,7.0,,2022-04-28
2606,2606,2022-04-28 11:57:19.523008,Thursday,11:57,7.0,,2022-04-28
2607,2607,2022-04-28 11:57:44.619615,Thursday,11:57,7.0,,2022-04-28
2608,2608,2022-04-28 11:58:09.741760,Thursday,11:58,7.0,,2022-04-28
2609,2609,2022-04-28 11:58:34.864630,Thursday,11:58,7.0,,2022-04-28
2610,2610,2022-04-28 11:58:59.971894,Thursday,11:58,7.0,,2022-04-28
2611,2611,2022-04-28 11:59:25.096311,Thursday,11:59,7.0,,2022-04-28
2612,2612,2022-04-28 11:59:50.219187,Thursday,11:59,7.0,,2022-04-28
2613,2613,2022-04-28 12:00:15.320725,Thursday,12:00,7.0,,2022-04-28
2614,2614,2022-04-28 12:00:40.474939,Thursday,12:00,7.0,,2022-04-28
2615,2615,2022-04-28 12:01:05.594847,Thursday,12:01,7.0,,2022-04-28
2616,2616,2022-04-28 12:01:30.764628,Thursday,12:01,7.0,,2022-04-28
2617,2617,2022-04-28 12:01:55.903126,Thursday,12:01,7.0,,2022-04-28
2618,2618,2022-04-28 12:02:21.017547,Thursday,12:02,7.0,,2022-04-28
2619,2619,2022-04-28 12:02:46.133687,Thursday,12:02,7.0,,2022-04-28
2620,2620,2022-04-28 12:03:11.283935,Thursday,12:03,7.0,,2022-04-28
2621,2621,2022-04-28 12:03:36.391186,Thursday,12:03,7.0,,2022-04-28
2622,2622,2022-04-28 12:04:01.515434,Thursday,12:04,7.0,,2022-04-28
2623,2623,2022-04-28 12:04:26.669551,Thursday,12:04,7.0,,2022-04-28
2624,2624,2022-04-28 12:04:51.776800,Thursday,12:04,7.0,,2022-04-28
2625,2625,2022-04-28 12:05:16.897695,Thursday,12:05,7.0,,2022-04-28
2626,2626,2022-04-28 12:05:42.051778,Thursday,12:05,7.0,,2022-04-28
2627,2627,2022-04-28 12:06:07.135496,Thursday,12:06,7.0,,2022-04-28
2628,2628,2022-04-28 12:06:32.326904,Thursday,12:06,7.0,,2022-04-28
2629,2629,2022-04-28 12:06:57.463379,Thursday,12:06,7.0,,2022-04-28
2630,2630,2022-04-28 12:07:22.563198,Thursday,12:07,7.0,,2022-04-28
2631,2631,2022-04-28 12:07:47.687637,Thursday,12:07,7.0,,2022-04-28
2632,2632,2022-04-28 12:08:12.823718,Thursday,12:08,7.0,,2022-04-28
2633,2633,2022-04-28 12:08:37.930978,Thursday,12:08,7.0,,2022-04-28
2634,2634,2022-04-28 12:09:03.039268,Thursday,12:09,7.0,,2022-04-28
2635,2635,2022-04-28 12:09:28.162160,Thursday,12:09,7.0,,2022-04-28
2636,2636,2022-04-28 12:09:53.271411,Thursday,12:09,7.0,,2022-04-28
2637,2637,2022-04-28 12:10:18.372886,Thursday,12:10,7.0,,2022-04-28
2638,2638,2022-04-28 12:10:43.511411,Thursday,12:10,7.0,,2022-04-28
2639,2639,2022-04-28 12:11:08.625397,Thursday,12:11,7.0,,2022-04-28
2640,2640,2022-04-28 12:11:33.843739,Thursday,12:11,7.0,,2022-04-28
2641,2641,2022-04-28 12:11:58.983839,Thursday,12:11,7.0,,2022-04-28
2642,2642,2022-04-28 12:12:24.061574,Thursday,12:12,7.0,,2022-04-28
2643,2643,2022-04-28 12:12:49.170524,Thursday,12:12,7.0,,2022-04-28
2644,2644,2022-04-28 12:13:14.279398,Thursday,12:13,7.0,,2022-04-28
2645,2645,2022-04-28 12:13:39.388344,Thursday,12:13,7.0,,2022-04-28
2646,2646,2022-04-28 12:14:04.481872,Thursday,12:14,7.0,,2022-04-28
2647,2647,2022-04-28 12:14:29.621823,Thursday,12:14,7.0,,2022-04-28
2648,2648,2022-04-28 12:14:54.730739,Thursday,12:14,7.0,,2022-04-28
2649,2649,2022-04-28 12:15:19.855270,Thursday,12:15,7.0,,2022-04-28
2650,2650,2022-04-28 12:15:45.011069,Thursday,12:15,7.0,,2022-04-28
2651,2651,2022-04-28 12:16:10.135718,Thursday,12:16,7.0,,2022-04-28
2652,2652,2022-04-28 12:16:35.322684,Thursday,12:16,7.0,,2022-04-28
2653,2653,2022-04-28 12:17:00.463241,Thursday,12:17,7.0,,2022-04-28
2654,2654,2022-04-28 12:17:25.587402,Thursday,12:17,7.0,,2022-04-28
2655,2655,2022-04-28 12:17:50.696374,Thursday,12:17,7.0,,2022-04-28
2656,2656,2022-04-28 12:18:15.899057,Thursday,12:18,7.0,,2022-04-28
2657,2657,2022-04-28 12:18:41.007908,Thursday,12:18,7.0,,2022-04-28
2658,2658,2022-04-28 12:19:06.101229,Thursday,12:19,7.0,,2022-04-28
2659,2659,2022-04-28 12:19:31.225758,Thursday,12:19,7.0,,2022-04-28
2660,2660,2022-04-28 12:19:56.350299,Thursday,12:19,7.0,,2022-04-28
2661,2661,2022-04-28 12:20:21.427914,Thursday,12:20,7.0,,2022-04-28
2662,2662,2022-04-28 12:20:46.536826,Thursday,12:20,7.0,,2022-04-28
2663,2663,2022-04-28 12:21:11.622872,Thursday,12:21,7.0,,2022-04-28
2664,2664,2022-04-28 12:21:36.728391,Thursday,12:21,7.0,,2022-04-28
2665,2665,2022-04-28 12:22:01.846737,Thursday,12:22,7.0,,2022-04-28
2666,2666,2022-04-28 12:22:26.941546,Thursday,12:22,7.0,,2022-04-28
2667,2667,2022-04-28 12:22:52.024739,Thursday,12:22,7.0,,2022-04-28
2668,2668,2022-04-28 12:23:17.242988,Thursday,12:23,7.0,,2022-04-28
2669,2669,2022-04-28 12:23:42.342354,Thursday,12:23,7.0,,2022-04-28
2670,2670,2022-04-28 12:24:07.470525,Thursday,12:24,7.0,,2022-04-28
2671,2671,2022-04-28 12:24:32.593612,Thursday,12:24,7.0,,2022-04-28
2672,2672,2022-04-28 12:24:57.702509,Thursday,12:24,7.0,,2022-04-28
2673,2673,2022-04-28 12:25:22.811919,Thursday,12:25,7.0,,2022-04-28
2674,2674,2022-04-28 12:25:47.967255,Thursday,12:25,7.0,,2022-04-28
2675,2675,2022-04-28 12:26:13.077294,Thursday,12:26,7.0,,2022-04-28
2676,2676,2022-04-28 12:26:38.176802,Thursday,12:26,7.0,,2022-04-28
2677,2677,2022-04-28 12:27:03.307368,Thursday,12:27,7.0,,2022-04-28
2678,2678,2022-04-28 12:27:28.407581,Thursday,12:27,7.0,,2022-04-28
2679,2679,2022-04-28 12:27:53.518195,Thursday,12:27,7.0,,2022-04-28
2680,2680,2022-04-28 12:28:18.730930,Thursday,12:28,7.0,,2022-04-28
2681,2681,2022-04-28 12:28:43.838981,Thursday,12:28,7.0,,2022-04-28
2682,2682,2022-04-28 12:29:08.933855,Thursday,12:29,7.0,,2022-04-28
2683,2683,2022-04-28 12:29:34.050535,Thursday,12:29,7.0,,2022-04-28
2684,2684,2022-04-28 12:29:59.150111,Thursday,12:29,7.0,,2022-04-28
2685,2685,2022-04-28 12:30:24.243978,Thursday,12:30,7.0,,2022-04-28
2686,2686,2022-04-28 12:30:49.369523,Thursday,12:30,7.0,,2022-04-28
2687,2687,2022-04-28 12:31:14.478075,Thursday,12:31,7.0,,2022-04-28
2688,2688,2022-04-28 12:31:39.583303,Thursday,12:31,7.0,,2022-04-28
2689,2689,2022-04-28 12:32:04.726162,Thursday,12:32,7.0,,2022-04-28
2690,2690,2022-04-28 12:32:29.859696,Thursday,12:32,7.0,,2022-04-28
2691,2691,2022-04-28 12:32:54.979401,Thursday,12:32,7.0,,2022-04-28
2692,2692,2022-04-28 12:33:20.169378,Thursday,12:33,7.0,,2022-04-28
2693,2693,2022-04-28 12:33:45.255262,Thursday,12:33,7.0,,2022-04-28
2694,2694,2022-04-28 12:34:10.356100,Thursday,12:34,7.0,,2022-04-28
2695,2695,2022-04-28 12:34:35.504330,Thursday,12:34,7.0,,2022-04-28
2696,2696,2022-04-28 12:35:00.599217,Thursday,12:35,7.0,,2022-04-28
2697,2697,2022-04-28 12:35:25.691629,Thursday,12:35,7.0,,2022-04-28
2698,2698,2022-04-28 12:35:50.831080,Thursday,12:35,7.0,,2022-04-28
2699,2699,2022-04-28 12:36:15.957158,Thursday,12:36,7.0,,2022-04-28
2700,2700,2022-04-28 12:36:41.050496,Thursday,12:36,7.0,,2022-04-28
2701,2701,2022-04-28 12:37:06.173064,Thursday,12:37,7.0,,2022-04-28
2702,2702,2022-04-28 12:37:31.295908,Thursday,12:37,7.0,,2022-04-28
2703,2703,2022-04-28 12:37:56.418754,Thursday,12:37,7.0,,2022-04-28
2704,2704,2022-04-28 12:38:21.607464,Thursday,12:38,7.0,,2022-04-28
2705,2705,2022-04-28 12:38:46.714687,Thursday,12:38,7.0,,2022-04-28
2706,2706,2022-04-28 12:39:11.833827,Thursday,12:39,7.0,,2022-04-28
2707,2707,2022-04-28 12:39:36.956673,Thursday,12:39,7.0,,2022-04-28
2708,2708,2022-04-28 12:40:02.058434,Thursday,12:40,7.0,,2022-04-28
2709,2709,2022-04-28 12:40:27.165651,Thursday,12:40,7.0,,2022-04-28
2710,2710,2022-04-28 12:40:52.288489,Thursday,12:40,7.0,,2022-04-28
2711,2711,2022-04-28 12:41:17.405961,Thursday,12:41,7.0,,2022-04-28
2712,2712,2022-04-28 12:41:42.544424,Thursday,12:41,7.0,,2022-04-28
2713,2713,2022-04-28 12:42:07.658524,Thursday,12:42,7.0,,2022-04-28
2714,2714,2022-04-28 12:42:32.750090,Thursday,12:42,7.0,,2022-04-28
2715,2715,2022-04-28 12:42:57.857333,Thursday,12:42,7.0,,2022-04-28
2716,2716,2022-04-28 12:43:23.039883,Thursday,12:43,7.0,,2022-04-28
2717,2717,2022-04-28 12:43:48.147100,Thursday,12:43,7.0,,2022-04-28
2718,2718,2022-04-28 12:44:13.245405,Thursday,12:44,7.0,,2022-04-28
2719,2719,2022-04-28 12:44:38.383868,Thursday,12:44,7.0,,2022-04-28
2720,2720,2022-04-28 12:45:03.501324,Thursday,12:45,7.0,,2022-04-28
2721,2721,2022-04-28 12:45:28.608536,Thursday,12:45,7.0,,2022-04-28
2722,2722,2022-04-28 12:45:53.731099,Thursday,12:45,7.0,,2022-04-28
2723,2723,2022-04-28 12:46:18.841952,Thursday,12:46,7.0,,2022-04-28
2724,2724,2022-04-28 12:46:43.910886,Thursday,12:46,7.0,,2022-04-28
2725,2725,2022-04-28 12:47:09.043537,Thursday,12:47,7.0,,2022-04-28
2726,2726,2022-04-28 12:47:34.135117,Thursday,12:47,7.0,,2022-04-28
2727,2727,2022-04-28 12:47:59.226715,Thursday,12:47,7.0,,2022-04-28
2728,2728,2022-04-28 12:48:24.405327,Thursday,12:48,7.0,,2022-04-28
2729,2729,2022-04-28 12:48:49.496917,Thursday,12:48,7.0,,2022-04-28
2730,2730,2022-04-28 12:49:14.599920,Thursday,12:49,7.0,,2022-04-28
2731,2731,2022-04-28 12:49:39.738383,Thursday,12:49,7.0,,2022-04-28
2732,2732,2022-04-28 12:50:04.852580,Thursday,12:50,7.0,,2022-04-28
2733,2733,2022-04-28 12:50:29.975415,Thursday,12:50,7.0,,2022-04-28
2734,2734,2022-04-28 12:50:55.098249,Thursday,12:50,7.0,,2022-04-28
2735,2735,2022-04-28 12:51:20.218294,Thursday,12:51,7.0,,2022-04-28
2736,2736,2022-04-28 12:51:45.318593,Thursday,12:51,7.0,,2022-04-28
2737,2737,2022-04-28 12:52:10.465340,Thursday,12:52,7.0,,2022-04-28
2738,2738,2022-04-28 12:52:35.619424,Thursday,12:52,7.0,,2022-04-28
2739,2739,2022-04-28 12:53:00.710143,Thursday,12:53,7.0,,2022-04-28
2740,2740,2022-04-28 12:53:25.817355,Thursday,12:53,7.0,,2022-04-28
2741,2741,2022-04-28 12:53:50.931406,Thursday,12:53,7.0,,2022-04-28
2742,2742,2022-04-28 12:54:16.028081,Thursday,12:54,7.0,,2022-04-28
2743,2743,2022-04-28 12:54:41.166539,Thursday,12:54,7.0,,2022-04-28
2744,2744,2022-04-28 12:55:06.270228,Thursday,12:55,7.0,,2022-04-28
2745,2745,2022-04-28 12:55:31.383542,Thursday,12:55,7.0,,2022-04-28
2746,2746,2022-04-28 12:55:56.490748,Thursday,12:55,7.0,,2022-04-28
2747,2747,2022-04-28 12:56:21.603746,Thursday,12:56,7.0,,2022-04-28
2748,2748,2022-04-28 12:56:46.710885,Thursday,12:56,7.0,,2022-04-28
2749,2749,2022-04-28 12:57:11.829036,Thursday,12:57,7.0,,2022-04-28
2750,2750,2022-04-28 12:57:36.973678,Thursday,12:57,7.0,,2022-04-28
2751,2751,2022-04-28 12:58:02.069303,Thursday,12:58,7.0,,2022-04-28
2752,2752,2022-04-28 12:58:27.170918,Thursday,12:58,7.0,,2022-04-28
2753,2753,2022-04-28 12:58:52.287115,Thursday,12:58,7.0,,2022-04-28
2754,2754,2022-04-28 12:59:17.409438,Thursday,12:59,7.0,,2022-04-28
2755,2755,2022-04-28 12:59:42.527894,Thursday,12:59,7.0,,2022-04-28
